kecamatan,nama_taman,luas
ANDIR,TAMAN BABATAN,18307.21
ANDIR,LAPANG ELANG,10306
ANDIR,JALUR SUDIRMAN,3158.02
ANDIR,JALUR GARUDA TIMUR,2968.13
ANDIR,JALUR GARUDA BARAT,2405
ANDIR,TAMAN CIMINDI,1557.21
ANDIR,JALUR ELANG,1395.67
ANDIR,TAMAN YAPLUN,1184.96
ANDIR,TPJ SUDIRMAN - RAJAWALI,825.54
ANDIR,BUNDERAN SUDIRMAN,735
ANDIR,TAMAN SUDUT RAJAWALI,666.35
ANDIR,TAMAN RAJAWALI/ARJUNA,376
ANDIR,TAMAN RW. BELAKANG KANTOR,210
ANDIR,TAMAN WARINGIN,198.1
ANDIR,BAK BUNGA ANDIR II,180
ANDIR,TAMAN RW. 09,130
ANDIR,TAMAN RW. 04,110
ANDIR,BAK BUNGA ANDIR I,104.99
ANTAPANI,TAMAN BOUGENVILLE,4746
ANTAPANI,TAMAN BATU TULIS,2614
ANTAPANI,TAMAN SUBANG BLOK 5,1826
ANTAPANI,TAMAN PURWAKARTA-KADIPATEN,1563
ANTAPANI,TAMAN LARANTUKA,1492
ANTAPANI,TAMAN KARANG ASEM,1438
ANTAPANI,TAMAN JATIWANGI,1256
ANTAPANI,TAMAN JAYAPURA,1104
ANTAPANI,TAMAN BATU WANGI-SINDANG KASIH,1098
ANTAPANI,TAMAN PURWOREJO,1010
ANTAPANI,TAMAN RENGASDENGLOK,988
ANTAPANI,TAMAN PEKALONGAN,969
ANTAPANI,TAMAN JALUR PRATISTA UTAMA,889
ANTAPANI,TAMAN KADIPATEN-CICALENGKA,887
ANTAPANI,TAMAN ATAMBUA,664
ANTAPANI,TAMAN CIKAMPEK,624
ANTAPANI,TAMAN SRAGEN-KLATEN,489
ANTAPANI,TAMAN TERUSAN JALAN JAKARTA,343
ANTAPANI,TAMAN KUNINGAN BLOK 20,252
ANTAPANI,TAMAN JATIWANGI BLOK 26,237
ANTAPANI,TAMAN KADIPATEN BLOK 12,237
ANTAPANI,TAMAN PRANAYA 2,170
ANTAPANI,TAMAN PRATISTA BARAT II,113
ANTAPANI,TAMAN BLOK D-39,104.32
ANTAPANI,TAMAN PRANAYA 1,89
ANTAPANI,TAMAN PRATISTA BARAT I,51
ANTAPANI,TAMAN GERBANG PRANAYA,49.23
ANTAPANI,TAMAN PRATISTA RAYA,34.89
ARCAMANIK,TAMAN LAPANGAN PACUAN KUDA,665000
ARCAMANIK,TAMAN SKI AIR,7139.78
ARCAMANIK,TAMAN TERBANG LAYANG I,1338
ARCAMANIK,TAMAN GOLF BARAT XIII,940
ARCAMANIK,TAMAN GOLF BARAT 2 A,839.91
ARCAMANIK,TAMAN AEROMODELING,816
ARCAMANIK,TAMAN ARCAMANIK III,810.05
ARCAMANIK,TAMAN ARCAMANIK II,740.33
ARCAMANIK,TAMAN BOWLING,732.12
ARCAMANIK,TAMAN ARCAMANIK IV,660
ARCAMANIK,TAMAN ARCAMANIK V,616
ARCAMANIK,TAMAN ARCAMANIK XVIII,599.61
ARCAMANIK,TAMAN HOCKY,442
ARCAMANIK,TAMAN ARCAMANIK VII,440.06
ARCAMANIK,TAMAN TAEKONDO-KEMPO,396
ARCAMANIK,TAMAN TENIS,390
ARCAMANIK,TAMAN TERBANG LAYANG II,375.46
ARCAMANIK,TAMAN ARCAMANIK I,374
ARCAMANIK,TAMAN AEROMODELING IV,338
ARCAMANIK,TAMAN POLO AIR,328.32
ARCAMANIK,TAMAN GOLF BARAT 2 C,325
ARCAMANIK,TAMAN ICE SKATING I,325
ARCAMANIK,TAMAN DIRGANTARA,321.22
ARCAMANIK,TAMAN DIRGANTARA,315
ARCAMANIK,TAMAN ICE SKATING I,312
ARCAMANIK,TAMAN SUDUT ARCAMANIK,286.44
ARCAMANIK,TAMAN BALON UDARA,242
ARCAMANIK,TAMAN GOLF BARAT 2 B,212
ARCAMANIK,TAMAN TERJUN TENDOM,208
ARCAMANIK,TAMAN RW JL. CICUKANG KEL. CISARANTEN BINA HARAPAN,200
ARCAMANIK,TAMAN GANTOLE,192.89
ARCAMANIK,TAMAN AEROMODELING III,185
ARCAMANIK,TAMAN RW. 09 KOMP. GURUMINDA KEL. CISARANTEN KULON,170
ARCAMANIK,TAMAN GANTOLE-DIRGANTARA,75
ARCAMANIK,TAMAN BULU TANGKIS,69
ASTANAANYAR,TAMAN BABAKAN SUKAMAJU,7907.35
ASTANAANYAR,TAMAN PAJAGALAN II,746.9
ASTANAANYAR,TAMAN INHOFTANK,112.77
ASTANAANYAR,TAMAN RW.05 KEL. NYENGSERET,80
ASTANAANYAR,TAMAN ASTANA ANYAR,56.89
ASTANAANYAR,TAMAN PAJAGALAN I,49.7
ASTANAANYAR,TAMAN RW.04 KEL. NYENGSERET,40
BABAKAN CIPARAY,TAMAN LINGKUNGAN PERUMAHAN SUMBER SARI,2973
BABAKAN CIPARAY,TAMAN RW.04 KEL. SUKAHAJI,70
BABAKAN CIPARAY,TAMAN CARINGIN,63
BANDUNG KIDUL,TAMAN 5,4855
BANDUNG KIDUL,TAMAN 3,3720
BANDUNG KIDUL,TAMAN GADING 9,2795
BANDUNG KIDUL,TAMAN 2,1794
BANDUNG KIDUL,TAMAN 1,1646
BANDUNG KIDUL,TAMAN GADING 7,1182
BANDUNG KIDUL,TAMAN GADING 3,1165
BANDUNG KIDUL,TAMAN SANGGAR HURIP 5,845
BANDUNG KIDUL,TAMAN GADING 10,810
BANDUNG KIDUL,TAMAN SANGGAR HURIP 4,691
BANDUNG KIDUL,TAMAN GADING 2,621
BANDUNG KIDUL,TAMAN 4,617
BANDUNG KIDUL,TAMAN GADING 8,595
BANDUNG KIDUL,TAMAN SANGGAR HURIP 3,565
BANDUNG KIDUL,TAMAN BATU PERMATA,530
BANDUNG KIDUL,TAMAN SANGGAR HURIP 6,480
BANDUNG KIDUL,TAMAN SANGGAR HURIP 2,452
BANDUNG KIDUL,TAMAN GADING 4,436
BANDUNG KIDUL,TAMAN GADING 1,416
BANDUNG KIDUL,TAMAN GADING 11,376
BANDUNG KIDUL,TAMAN SANGGAR HURIP 1,330
BANDUNG KIDUL,TAMAN GADING 5,235
BANDUNG KIDUL,TAMAN GADING 6,214
BANDUNG KIDUL,PULAU JALAN SAMSAT,124
BANDUNG KIDUL,TAMAN PANDAN WANGI,70
BANDUNG KIDUL,TAMAN H. BARDAN,32
BANDUNG KIDUL,TAMAN GADING 12,25
BANDUNG KULON,TAMAN LINGKUNGAN PERUMNAS CIJERAH I,4794
BANDUNG KULON,TAMAN LINGKUNGAN PERUMNAS CIBUNTU,1370
BANDUNG KULON,TAMAN LINGKUNGAN PERUMAHAN SADANG,545.23
BANDUNG KULON,TAMAN RW.04 KEL. CARINGIN,210
BANDUNG KULON,TAMAN RW.05 KEL. CARINGIN,170
BANDUNG WETAN,STADION SILIWANGI,60576.87
BANDUNG WETAN,TAMAN LALU LINTAS,45600.87
BANDUNG WETAN,GOR SAPARUA,44300
BANDUNG WETAN,LAPANG GASIBU,25962
BANDUNG WETAN,TAMAN CILAKI ATAS,16620
BANDUNG WETAN,TAMAN GEDUNG SATE,16605
BANDUNG WETAN,TAMAN KODYA,13965.89
BANDUNG WETAN,TAMAN PRAMUKA,13845.34
BANDUNG WETAN,TAMAN CILAKI BAWAH I DAN II,9753
BANDUNG WETAN,TAMAN SERAM,9511.23
BANDUNG WETAN,LAPANG SUPRATMAN,9072.75
BANDUNG WETAN,TAMAN CILAKI TENGAH,6487
BANDUNG WETAN,JALUR PRABUDIMUNTUR/SURAPATI,3600
BANDUNG WETAN,TAMAN PKK,2893.7
BANDUNG WETAN,TAMAN MANGGA,2850
BANDUNG WETAN,TAMAN CIUNGWANARA,1943
BANDUNG WETAN,JALUR HIJAU CIKAPAYANG,1800
BANDUNG WETAN,TAMAN CEMPAKA (TAMAN FOTOGRAFI),1785
BANDUNG WETAN,TAMAN LAPANG SALAM,1685
BANDUNG WETAN,TAMAN PASUPATI,1539
BANDUNG WETAN,TAMAN DR. SLAMET,1521.7
BANDUNG WETAN,TAMAN ANGGREK/BENGAWAN (TAMAN SUPER HERO),1425
BANDUNG WETAN,TAMAN GEMPOL,1245.5
BANDUNG WETAN,TAMAN CITARUM,1102.67
BANDUNG WETAN,JALUR HIJAU JALAN CILIWUNG,936
BANDUNG WETAN,TAMAN RANGGA MALELA,920.9
BANDUNG WETAN,TAMAN WIRA ANGUN-ANGUN,918
BANDUNG WETAN,JALUR HIJAU TAMANSARI,908.1
BANDUNG WETAN,TAMAN CILAKI,893.5
BANDUNG WETAN,TAMAN TRUNOJOYO,850.56
BANDUNG WETAN,TAMAN CIKAPAYANG/BADAK SINGA,846.34
BANDUNG WETAN,TAMAN GAJAH LUMANTUNG,807.05
BANDUNG WETAN,TAMAN NYLAND,783.75
BANDUNG WETAN,TAMAN RASAMALA,756.99
BANDUNG WETAN,TAMAN JL. DIPONEGORO - JL. TRUNOJOYO,709.18
BANDUNG WETAN,TAMAN CIBEUNYING BANK NISP,688.25
BANDUNG WETAN,TAMAN CIPUNAGARA,688
BANDUNG WETAN,TAMAN CIBEUNYING PARK,488.25
BANDUNG WETAN,JALUR HIJAU JALAN CITARUM,436.66
BANDUNG WETAN,TAMAN CENDANA,392.47
BANDUNG WETAN,TAMAN SKANDA/GANESHA,312.8
BANDUNG WETAN,TAMAN SKATE PARK,300
BANDUNG WETAN,TAMAN WASTUKANCANA/TAMANSARI,280
BANDUNG WETAN,TAMAN DKK SUPRATMAN,264.5
BANDUNG WETAN,BAK BUNGA NANGKASUNI,247
BANDUNG WETAN,TAMAN DEPAN GALERIA BIP SUMATERA/SULAWESI,200.9
BANDUNG WETAN,TAMAN PROGO,172
BANDUNG WETAN,TAMAN WASKA/PURNAWARMAN (TEXAS),144.9
BANDUNG WETAN,TAMAN WASKA PANGLIMA,137.4
BANDUNG WETAN,PULAU JALAN BALUBUR,131.6
BANDUNG WETAN,TAMAN WASKA/PAJAJARAN (MACAN),127.5
BANDUNG WETAN,PULAU JALAN TAMANSARI/UNISBA,127.1
BANDUNG WETAN,TAMAN BALUBUR/TAMANSARI,117.3
BANDUNG WETAN,TAMAN WASKA/TAMANSARI,81.49
BANDUNG WETAN,TAMAN SALAM PUSKESMAS,63.5
BANDUNG WETAN,PULAU JALAN SENTOT,16.04
BANDUNG WETAN,TAMAN FILM,-
BANDUNG WETAN,TAMAN MALUKU,24023.24
BATUNUNGGAL,STADION PERSIB,23005.05
BATUNUNGGAL,TAMAN ANYER,2814
BATUNUNGGAL,TAMAN KEBON WARU I,1901.2
BATUNUNGGAL,TAMAN SALENDRO TIMUR,472
BATUNUNGGAL,TAMAN PULAU JALAN GATOT SUBROTO/LASWI,428.4
BATUNUNGGAL,TAMAN PULAU JALAN LASWI,234.4
BATUNUNGGAL,TAMAN KEBON WARU II,234.2
BATUNUNGGAL,BAK BUNGA GATOT SUBROTO/LASWI,84.6
BOJONGLOA KALER,JALUR HIJAU PETA,2464.46
BOJONGLOA KALER,TAMAN KOPO KENCANA,1249.7
BOJONGLOA KALER,TAMAN TRITISAN KENCANA,956
BOJONGLOA KALER,TAMAN RUKO KENCANA,876.82
BOJONGLOA KALER,TAMAN LINGKAR SELATAN/PASIRKOJA,852.25
BOJONGLOA KALER,JALUR HIJAU JAMIKA,820
BOJONGLOA KALER,TAMAN BABAKAN TAROGONG,616
BOJONGLOA KALER,TAMAN PAYUNG KENCANA,605
BOJONGLOA KALER,TAMAN PASEBAN/KENCANA TIMUR,418
BOJONGLOA KALER,TAMAN SUDIRMAN/JAMIKA,286.6
BOJONGLOA KALER,TAMAN PAGARSIH/JAMIKA,151
BOJONGLOA KALER,JALUR HIJAU UNDAK KENCANA,84
BOJONGLOA KALER,TAMAN RW.04 KEL. KOPO,80
BOJONGLOA KALER,TAMAN BOJONGLOA / TUKANG RAMPE,68
BOJONGLOA KALER,TAMAN BABAKAN CIPARAY,35
BOJONGLOA KALER,TAMAN TITISAN KENCANA,16
BOJONGLOA KIDUL,TAMAN CIBADUYUT/SOEKARNO HATTA,182.5
BOJONGLOA KIDUL,TAMAN RW.02 KOMP. CIBADUYUT PERMAI,150
BOJONGLOA KIDUL,TAMAN KOPO/ SOEKARNO HATTA,148
BOJONGLOA KIDUL,TAMAN LINGKAR SELATAN/KOPO,128
BOJONGLOA KIDUL,TAMAN JL. MUARA SARI RW. 11 KEL. KEBONLEGA,100
BOJONGLOA KIDUL,TAMAN LEUWIPANJANG/LINGKAR SELATAN,90.7
BUAHBATU,TAMAN BLOK K,3879
BUAHBATU,TAMAN BLOK Q A,1637
BUAHBATU,TAMAN BLOK E II,1539
BUAHBATU,TAMAN BLOK A DAN B,1499
BUAHBATU,TAMAN BLOK P,1486
BUAHBATU,TAMAN BLOK Y A,1182
BUAHBATU,TAMAN RANCABOLANG,1175
BUAHBATU,TAMAN BLOK R A,1010.22
BUAHBATU,TAMAN BLOK W,980
BUAHBATU,TAMAN BLOK D II C,948
BUAHBATU,TAMAN BLOK R/O,938.55
BUAHBATU,TAMAN BLOK D II I,902
BUAHBATU,TAMAN BLOK B B,900
BUAHBATU,TAMAN BLOK P C,800
BUAHBATU,TAMAN BLOK S A,706.46
BUAHBATU,TAMAN BLOK S B,680
BUAHBATU,TAMAN BLOK D II A,670
BUAHBATU,TAMAN BLOK D II D,649
BUAHBATU,TAMAN BLOK Q B,648
BUAHBATU,TAMAN BLOK N,600
BUAHBATU,TAMAN SARINAH BLOK G,476
BUAHBATU,TAMAN BLOK Z A,460
BUAHBATU,TAMAN BLOK D II J,456
BUAHBATU,TAMAN BLOK D II G,437
BUAHBATU,TAMAN BLOK D II H,413
BUAHBATU,TAMAN BLOK Q C,408
BUAHBATU,TAMAN BLOK P A,376.49
BUAHBATU,TAMAN BLOK B A,349
BUAHBATU,TAMAN BLOK R B,320.64
BUAHBATU,TAMAN BLOK P B,298.11
BUAHBATU,TAMAN BLOK U,236
BUAHBATU,TAMAN BLOK D II F,190
BUAHBATU,TAMAN DI JL. BUNGA BAKUNG RW. 07,150
BUAHBATU,TAMAN BLOK O,147.23
BUAHBATU,TAMAN JUPITER UTAMA,92
BUAHBATU,TAMAN BLOK D II E,80
BUAHBATU,TAMAN BLOK D II B,60
CIBEUNYING KALER,LAPANG TIKUKUR,12500
CIBEUNYING KALER,LAPANGAN OLAHRAGA,5878
CIBEUNYING KALER,JALUR PAHLAWAN,3000
CIBEUNYING KALER,TAMAN KOMPLEK VILLA ASRI,1978.43
CIBEUNYING KALER,TAMAN LOMBOK,1713.5
CIBEUNYING KALER,TAMAN SIDOLUHUR,1425
CIBEUNYING KALER,TAMAN SURAPATI,1350
CIBEUNYING KALER,TAMAN BATIK TIGA NEGRI,1246.25
CIBEUNYING KALER,TAMAN MERAK,1021
CIBEUNYING KALER,TAMAN RW.02 KEL. NEGLASARI,220
CIBEUNYING KALER,TAMAN TITIRAN,210
CIBEUNYING KALER,TAMAN SUPRATMAN/WARGA,175
CIBEUNYING KALER,TAMAN SUDUT SUCI,116
CIBIRU,TAMAN JALUR CIBIRU,3312
CIBIRU,TAMAN PULAU JALAN CIBIRU III,1965
CIBIRU,TAMAN PULAU JALAN CIBIRU II,1438
CIBIRU,TAMAN PULAU JALAN CIBIRU V,693
CIBIRU,TAMAN PULAU JALAN CIBIRU I,676
CIBIRU,TAMAN PULAU JALAN CIBIRU IV,325
CIBIRU,TAMAN RW.03 KEL. CISURUPAN,140
CIBIRU,TAMAN RW.05 KEL. PALASARI,120
CICENDO,TAMAN GOR PADJADJARAN,5745.07
CICENDO,TAMAN LAPANGAN OLAH RAGA MAHMUD,5330
CICENDO,LAPANGAN JATAYU,4666.5
CICENDO,LAP. KEMBAR EMPAT,4488
CICENDO,TAMAN PENDAWA,3861.74
CICENDO,TAMAN DR. OTTEN 1,3171.08
CICENDO,TAMAN DR. HATTA,2808.07
CICENDO,TAMAN ABD. RACHMAN SALEH,1959.06
CICENDO,TAMAN ADIPURA,1865.3
CICENDO,TAMAN LESMANA,1844
CICENDO,TAMAN DR. CIPTO,1709.18
CICENDO,TAMAN MONUMEN KTT NON BLOK,1526.73
CICENDO,TAMAN PANDU GEREJA,988
CICENDO,TAMAN CURIE,974.04
CICENDO,TAMAN DR. RAJIMAN,895.5
CICENDO,TAMAN SUPADIO I,858.75
CICENDO,TAMAN ABDUL RIVA'I,671.7
CICENDO,TAMAN NURTANIO (JALUR),567.75
CICENDO,TAMAN BIMA,555
CICENDO,TAMAN PATUNG HUSEIN,518.25
CICENDO,TAMAN BROUNSWEIGH,490.25
CICENDO,TAMAN SUPADIO II,431.5
CICENDO,TAMAN ERLIGH,391
CICENDO,TAMAN SUDUT KEBON KAWUNG/PASIRKALIKI,362.7
CICENDO,TAMAN ARJUNA/PENDAWA,341.4
CICENDO,TAMAN BUNDERAN ARJUNA,225
CICENDO,PULAU JALAN WESTHCOOP I,183.06
CICENDO,PULAU JALAN WESTHCOOP II,137.5
CICENDO,TAMAN BIMA/KRESNA,117.45
CICENDO,TAMAN PANDU/PADJADJARAN,82.25
CICENDO,TAMAN DR. OTTEN 2,58
CIDADAP,TAMAN CIUMBULEUIT 2 (TAMAN KOLAM),5120
CIDADAP,TAMAN RANCABENTANG,2198.98
CIDADAP,TAMAN HEGARMANAH LAPANG VOLLI,1576
CIDADAP,TAMAN HEGARMANAH TUGU,587.6
CIDADAP,TAMAN SANIROSA,135
CIDADAP,TAMAN CIUMBULEUIT 1,78.5
CIDADAP,TAMAN HEGARMANAH TENGAH,70
CIDADAP,TAMAN HEGARMANAH,0
CINAMBO,JALUR SAMPING UTARA,3628
CINAMBO,TAMAN DEPAN PASAR,895
CINAMBO,TAMAN PULAU JALAN GEDEBAGE,568
CINAMBO,TAMAN SAMPING BARAT (DEPAN MESJID),441
CINAMBO,JALUR DEPAN PASAR,213
CINAMBO,TAMAN RW. 03 KEL. BABAKAN PENGHULU,200
CINAMBO,TAMAN RW. 05 KEL. RANCABOLANG,200
COBLONG,TAMAN MONUMEN PERJUANGAN RAKYAT JABAR,83100
COBLONG,LAPANG LEBAK SILIWANGI,71568.13
COBLONG,KEBUN BINATANG,35874.67
COBLONG,TAMAN BABAKAN SILIWANGI,23052
COBLONG,TAMAN GANESHA,9612
COBLONG,TAMAN JL. TEUKU UMAR,3614
COBLONG,TAMAN HASANUDIN,3400
COBLONG,TAMAN DAGO ATAS,2760
COBLONG,TAMAN EKS SPBU CIKAPAYANG,2490
COBLONG,TAMAN HEWAN,2456
COBLONG,TAMAN TILIL,2422.06
COBLONG,TAMAN PANATAYUDA,2387
COBLONG,JALUR DAGO,2156
COBLONG,TAMAN GELAP NYAWANG,1656.4
COBLONG,TAMAN BAGUSRANGIN,1560
COBLONG,JALUR SETIABUDI - CIHAMPELAS,965
COBLONG,TAMAN SINGAPERBANGSA,800
COBLONG,TAMAN PUSKESMAS KEBONLEGA,800
COBLONG,TAMAN DAYANG SUMBI/TAMANSARI,754.6
COBLONG,TAMAN BAPAK HUSEN,639
COBLONG,TAMAN DIPATIUKUR,556.5
COBLONG,TAMAN KELUARGA BERENCANA,410
COBLONG,TAMAN PULAU JALAN PASUPATI,384
COBLONG,TAMAN CIHAMPELAS/SETIABUDI (KEL. SEJAHTERA),365
COBLONG,BAK BUNGA JALAN PASUPATI,350
COBLONG,TM. PULAU JL. TAMANSARI-SUMUR BANDUNG,244.74
COBLONG,TAMAN SILIWANGI/SUMUR BANDUNG,185.5
COBLONG,JALUR SILIWANGI,150.12
COBLONG,BAK BUNGA BBK. SILIWANGI,134.6
COBLONG,TAMAN TUBAGUS ISMAIL,86
COBLONG,TAMAN SILIWANGI,81
COBLONG,TAMAN SILIWANGI/SANGKURIANG,59.4
COBLONG,TAMAN PERUMNAS,45
COBLONG,TAMAN JALUR GELAP NYAWANG,44
COBLONG,TAMAN PULAU JALAN TAMANSARI,36
COBLONG,BAK BUNGA POT SIMPANG,34
COBLONG,TAMAN PULAU JALAN IR. H. DJUANDA,32
KIARACONDONG,JALUR TERUSAN JL. KIARACONDONG,3790.5
KIARACONDONG,TAMAN 5,1863.78
KIARACONDONG,TAMAN DAN LAPANGAN TENIS,1313.78
KIARACONDONG,TAMAN BELAKANG,886.34
KIARACONDONG,TAMAN DEPAN (GSB KIRI DAN GSB KANAN),239.25
KIARACONDONG,JALUR HIJAU BUNDARAN BOULEVARD I,154.5
KIARACONDONG,JALUR HIJAU KOMPLEK RUKO,123.12
KIARACONDONG,JALUR HIJAU BUNDERAN RUKO,84.92
KIARACONDONG,JALUR HIJAU TAMAN BOULEVARD 3,58.51
KIARACONDONG,JALUR HIJAU TAMAN BOULEVARD 2,58.5
KIARACONDONG,TAMAN 2,58.17
KIARACONDONG,TAMAN 1,56.17
KIARACONDONG,TAMAN 3,54.4
KIARACONDONG,JALUR HIJAU TAMAN BOULEVARD 1,48.8
KIARACONDONG,JALUR HIJAU TAMAN BOULEVARD 4,32.9
KIARACONDONG,TAMAN 4,23.87
KIARACONDONG,JALUR HIJAU TAMAN BOULEVARD 5,18.99
LENGKONG,TAMAN HALAMAN PENDOPO,11000
LENGKONG,TAMAN MALABAR,5007.68
LENGKONG,TAMAN KANGKUNG KIDUL/KALER,4848
LENGKONG,TAMAN LAPANGAN LEMBU,3412
LENGKONG,JALUR HIJAU PELAJAR PEJUANG '45,3410
LENGKONG,TAMAN PALASARI/MALABAR,2784
LENGKONG,LAPANG SARON,2350
LENGKONG,TAMAN SRIGALA,2336
LENGKONG,TAMAN LAPANGAN KIDANG DALAM,2240
LENGKONG,JALUR HIJAU LASWI,2240
LENGKONG,TAMAN BURANGRANG BPI,1734
LENGKONG,TAMAN SIMPHONY,1733.7
LENGKONG,TAMAN NILEM,1725
LENGKONG,TAMAN MACAN,1712
LENGKONG,TAMAN KLININGAN,1640
LENGKONG,TAMAN DURMA,1581
LENGKONG,TAMAN LAPANGAN TERONG,1350
LENGKONG,TAMAN PUTRI,960
LENGKONG,TAMAN BURANGRANG/WAYANG,841
LENGKONG,TAMAN KARAPITAN UNLA,767.2
LENGKONG,TAMAN TANK BAJA GATOT SUBROTO,722
LENGKONG,LAPANGAN IMPUN,633.5
LENGKONG,TAMAN PALASARI/LODAYA I,590.5
LENGKONG,BAK BUNGA CEREMAI,441
LENGKONG,TAMAN TAWES,418.7
LENGKONG,TAMAN PALASARI/LODAYA II,418
LENGKONG,TAMAN TURANGGA,328
LENGKONG,TAMAN DELEG,312.5
LENGKONG,TAMAN GALUNGGUNG,288
LENGKONG,TAMAN BURANGRANG/EMONG,280.6
LENGKONG,TAMAN WINDU,264
LENGKONG,TAMAN TUGU SIMPANG LIMA,239.62
LENGKONG,TAMAN LAUK EMAS,232
LENGKONG,JALUR HIJAU SADAKELING,226.5
LENGKONG,TAMAN TAMPOMAS,210
LENGKONG,TAMAN PALASARI / BANTENG I,209.3
LENGKONG,PULAU JALAN BUAH BATU/BKR,198
LENGKONG,TAMAN GURAME,197.5
LENGKONG,PULAU JALAN MARTANEGARA/PELAJAR PEJUANG,128.4
LENGKONG,TAMAN PULAU JALAN CIKAWAO/LENGKONG,60
LENGKONG,TAMAN PALASARI / BANTENG II,57.2
MANDALAJATI,TAMAN EKS TPA PASIR IMPUN,44600
MANDALAJATI,TAMAN EKS TPA CICABE,41803.57
MANDALAJATI,TAMAN TERASERING BLOK ID,1913
MANDALAJATI,TAMAN SISI KANAN-KIRI SALURAN INDUK,798
MANDALAJATI,JALUR HIJAU SEBELAH SELATAN LAPANGAN TENIS,600
MANDALAJATI,TAMAN TERASERING BLOK II,444
MANDALAJATI,TAMAN MEDIAN JALAN,400
MANDALAJATI,JALUR HIJAU BLOK XI,362
MANDALAJATI,JALUR HIJAU BLOK XIV,350
MANDALAJATI,JALUR HIJAU BLOK XV,274
MANDALAJATI,TAMAN MEDIAN BLOK II,212
MANDALAJATI,TAMAN MEDIAN BLOK I A,171
MANDALAJATI,TAMAN MEDIAN DEPAN RUKO,150
MANDALAJATI,TAMAN RW DEPAN KANTOR,150
MANDALAJATI,TAMAN MEDIAN BLOK VIII,141
MANDALAJATI,TAMAN MEDIAN BLOK I,79
MANDALAJATI,TAMAN MEDIAN BLOK III,79
MANDALAJATI,TAMAN MEDIAN BLOK IX,30
MANDALAJATI,TAMAN MEDIAN BLOK VII,21
MANDALAJATI,TAMAN MEDIAN BLOK VI,20
MANDALAJATI,TAMAN MEDIAN BLOK V (BUNDERAN),5
PANYILEUKAN,JALUR HIJAU BLOK F,4005
PANYILEUKAN,JALUR HIJAU L-I 10,2387
PANYILEUKAN,JALUR HIJAU BLOK C,1840
PANYILEUKAN,JALUR HIJAU N-R,1309
PANYILEUKAN,TAMAN BLOK L,1214
PANYILEUKAN,TAMAN BLOK CITRA AB,1092.5
PANYILEUKAN,TAMAN LAPANGAN BLOK J,1056
PANYILEUKAN,TAMAN BLOK J,1005
PANYILEUKAN,TAMAN BLOK A1-I,965.6
PANYILEUKAN,JALUR HIJAU BLOK A I,943.8
PANYILEUKAN,TAMAN BLOK F,940.85
PANYILEUKAN,TAMAN LAPANGAN OLAHRAGA BLOK E,897
PANYILEUKAN,TAMAN BLOK P-I,784
PANYILEUKAN,TAMAN BLOK F-G,782
PANYILEUKAN,TAMAN BLOK H,675.95
PANYILEUKAN,TAMAN BLOK P-II,667
PANYILEUKAN,TAMAN CIJAMBE INDAH,659
PANYILEUKAN,JALUR HIJAU BLOK A II,608
PANYILEUKAN,TAMAN BLOK N,565.5
PANYILEUKAN,TAMAN LAPANGAN OLAHRAGA BLOK E,550
PANYILEUKAN,TAMAN BLOK K,540
PANYILEUKAN,TAMAN BLOK Q,515
PANYILEUKAN,TAMAN MEKAR RESIK,489
PANYILEUKAN,TAMAN PAMEKAR TIMUR,455
PANYILEUKAN,TAMAN MEKAR SUGIH,400
PANYILEUKAN,TAMAN BLOK G-II,393.24
PANYILEUKAN,TAMAN BLOK CITRA,392
PANYILEUKAN,TAMAN PAMEKAR,327
PANYILEUKAN,TAMAN BLOK N,322.5
PANYILEUKAN,TAMAN PAMEKAR BARAT,320
PANYILEUKAN,TAMAN BLOK F,240
PANYILEUKAN,TAMAN BLOK A1-II,225
PANYILEUKAN,TAMAN BLOK E-G (II),120
PANYILEUKAN,TAMAN BLOK C,105
PANYILEUKAN,TAMAN BLOK B,80
PANYILEUKAN,TAMAN BLOK E-G (I),76.5
PANYILEUKAN,TAMAN BLOK R-I,67.5
PANYILEUKAN,TAMAN BLOK G-I,44.77
PANYILEUKAN,TAMAN BLOK R-II,39
PANYILEUKAN,TAMAN BLOK A,36.75
PANYILEUKAN,TAMAN BLOK E,30
PANYILEUKAN,TAMAN PANYAWANGAN,26
PANYILEUKAN,TAMAN BLOK A,21.6
PANYILEUKAN,TAMAN LAPANGAN BLOK H,14
PANYILEUKAN,TAMAN PANYILEUKAN,-
PANYILEUKAN,TAMAN PANYILEUKAN 1,-
PANYILEUKAN,TAMAN PANYILEUKAN 2,-
PANYILEUKAN,TAMAN PANYILEUKAN 3,-
PANYILEUKAN,TAMAN PANYILEUKAN 4,-
PANYILEUKAN,TAMAN PANYILEUKAN 6,-
PANYILEUKAN,TAMAN PANYILEUKAN 7,-
PANYILEUKAN,TAMAN PANYILEUKAN 8,-
PANYILEUKAN,TAMAN PANYILEUKAN 9,-
RANCASARI,TAMAN METRO ESTATE A,3590
RANCASARI,TAMAN BLOK V2,2173
RANCASARI,TAMAN BLOK L2 I,1994
RANCASARI,TAMAN BLOK A2,1922
RANCASARI,TAMAN BLOK L2 A,1835
RANCASARI,TAMAN BLOK G2,1781
RANCASARI,TAMAN BLOK Q2 A,1106
RANCASARI,TAMAN METRO ESTATE H,894
RANCASARI,TAMAN BLOK L2 D,874
RANCASARI,TAMAN BLOK L2 (AL BAYAN),816
RANCASARI,TAMAN BLOK B2 B,770
RANCASARI,TAMAN METRO ESTATE J,678
RANCASARI,TAMAN BLOK B2 C,663
RANCASARI,TAMAN BLOK G2,625
RANCASARI,TAMAN METRO ESTATE B,612
RANCASARI,TAMAN METRO ESTATE M,604
RANCASARI,TAMAN BLOK N2,600.02
RANCASARI,TAMAN BLOK Q2 B,567
RANCASARI,TAMAN BLOK O2 DEPAN NO. 125,567
RANCASARI,TAMAN BLOK T2 DEPAN NO. 24,557
RANCASARI,TAMAN METRO ESTATE O,518
RANCASARI,TAMAN METRO ESTATE D,495
RANCASARI,TAMAN METRO ESTATE E,495
RANCASARI,TAMAN BLOK H2,483
RANCASARI,TAMAN BLOK S2 DEPAN NO. 69,472
RANCASARI,TAMAN METRO ESTATE C,462
RANCASARI,TAMAN BLOK L2 H,460
RANCASARI,TAMAN METRO ESTATE N,450
RANCASARI,TAMAN METRO ESTATE F,446
RANCASARI,TAMAN METRO ESTATE G,446
RANCASARI,TAMAN BLOK L2 B,437
RANCASARI,TAMAN BLOK L2 F,437
RANCASARI,TAMAN BLOK L2 G,437
RANCASARI,TAMAN BLOK K2 A,420
RANCASARI,TAMAN BLOK M2,413
RANCASARI,TAMAN BLOK D2 A,378
RANCASARI,TAMAN BLOK L2 C,375
RANCASARI,TAMAN BLOK I2 DEPAN NO. 84,325
RANCASARI,TAMAN BLOK B2 A,273
RANCASARI,TAMAN BLOK O2 B,230.67
RANCASARI,TAMAN BLOK O2 A,180
RANCASARI,TAMAN RW 10KEL. MEKAR JAYA,130
RANCASARI,TAMAN METRO ESTATE I,128
RANCASARI,TAMAN BLOK E2 B,108
RANCASARI,TAMAN METRO ESTATE L,90
RANCASARI,TAMAN BLOK E2 A,70
RANCASARI,TAMAN BLOK E2 D,56.04
RANCASARI,TAMAN BLOK E2 C,54
RANCASARI,TAMAN BLOK O2 C,47.08
RANCASARI,TAMAN BLOK L2 K,36
REGOL,TAMAN LAPANG TEGALLEGA,190011.02
REGOL,TAMAN ALUN-ALUN BANDUNG,9904.05
REGOL,JALUR HIJAU BKR,3410
REGOL,TAMAN SAWAH KURUNG,1895.5
REGOL,TAMAN CILENTAH,1608.2
REGOL,TAMAN CIATEUL TENGAH,894
REGOL,TAMAN PULAU JALAN PATUNG IKAN,547.74
REGOL,TAMAN SRIWIJAYA,375.23
REGOL,TAMAN PULAU JALAN MOCH. TOHA/BKR,359.4
REGOL,TAMAN RW.12 KEL. CIGERELENGL,200
REGOL,TAMAN PATUNG IKAN,170
REGOL,TAMAN RW.09 KEL. CIATEUL,100
REGOL,TAMAN MOCH. TOHA - CIATEUL,88.8
REGOL,TAMAN MOCH. TOHA BATAS,77.2
REGOL,TAMAN CIATEUL,-
SUKAJADI,LAPANGAN ABRA,14966.38
SUKAJADI,TAMAN PERUMNAS SARIJADI,7447
SUKAJADI,JALUR DR. DJUNDJUNAN,6258.56
SUKAJADI,JALUR PASTEUR I,4952.5
SUKAJADI,TAMAN EKS SPBU SUKAJADI,4251.03
SUKAJADI,TAMAN SUKAJADI/PANGLAYUNGAN,2699.08
SUKAJADI,TAMAN SUKAJADI/KARANGTINEUNG,1940.5
SUKAJADI,TAMAN ANGKLUNG,1823.52
SUKAJADI,TAMAN SUKAJADI/EYKMAN,1733.44
SUKAJADI,TAMAN SETIABUDHI/CIPAGANTI,1529.7
SUKAJADI,TAMAN SURYA SUMANTRI,983.2
SUKAJADI,TAMAN SETIABUDHI/SINDANG SIRNA,972
SUKAJADI,JALUR PASTEUR I,900
SUKAJADI,PULAU JALAN PASIRKALIKI/PASTEUR,895.6
SUKAJADI,TAMAN PULAU JL. SETIABUDHI - JL. SUKAJADI,796.09
SUKAJADI,TAMAN PRO. EYKMAN/MAKMUR,790
SUKAJADI,TAMAN SUKAMULYA/PASTEUR,782.52
SUKAJADI,TAMAN SUDUT PASIRKALIKI 1,593.31
SUKAJADI,TAMAN SUDUT PASIRKALIKI 2,536
SUKAJADI,TAMAN SUKARASA,500
SUKAJADI,LAPANG VOLI PERUMAHAN SUKAMULYA INDAH,408
SUKAJADI,TAMAN SUKAJADI/CEMARA,395
SUKAJADI,TAMAN SUKAMULYA BUNDERAN,378.5
SUKAJADI,TAMAN TENTERAM,365.6
SUKAJADI,JALUR HIJAU JALUR BUNGUR,264
SUKAJADI,TAMAN SUKAJADI/KARANGTINGGAL,250
SUKAJADI,TAMAN SUKAJADI/SUKAMAJU,200
SUKAJADI,TAMAN SUKAGALIH,99
SUKAJADI,TAMAN SETRA RIA,49
SUKASARI,LAPANGAN OLAHRAGA KOMPLEK KPAD,20150
SUKASARI,JALUR RAYA KOMPLEK KPAD,12900
SUKASARI,TAMAN BATU,2990.33
SUKASARI,TAMAN ANAK KOMPLEK KPAD GEGERKALONG,2007
SUKASARI,LAPANGAN TENIS,1653.42
SUKASARI,TAMAN PARKIR,1162.12
SUKASARI,TAMAN MASJID DAN MASJID,956.54
SUKASARI,TAMAN SUKAJADI/SETIABUDHI,769.03
SUKASARI,LAPANG BASKET DAN GROUND TANK II,762.74
SUKASARI,TAMAN KAV. 10 - JEMBATAN 1,744.8
SUKASARI,TAMAN SETIABUDHI/KARANG SARI,661.35
SUKASARI,TAMAN PINTU GERBANG,574.05
SUKASARI,TAMAN WTP (GROUN TANKI),552
SUKASARI,TAMAN LANSIA KOMPLEK KPAD GEGERKALONG,510
SUKASARI,TAMAN PLAY GROUND I,464.91
SUKASARI,TAMAN PLAY GROUND II,361.75
SUKASARI,TAMAN BATAS KOTA SETIABUDHI,350
SUKASARI,TAMAN KAV. 68 - 69,209
SUKASARI,TAMAN BLOK F,186.18
SUKASARI,TAMAN GEGERKALONG/SETIABUDHI,152.8
SUKASARI,TAMAN KAV. 88 - 106,95.75
SUKASARI,TAMAN KAV. 79,88.75
SUKASARI,TAMAN SEBRANG F. 07,53.75
SUMUR BANDUNG,TAMAN VIADUCT (PELAJAR PEJUANG DAN LASKAR WANITA),2550.45
SUMUR BANDUNG,TAMAN MERDEKA (TAMAN DEWI SARTIKA),14729
SUMUR BANDUNG,TAMAN HALAMAN BALAI KOTA,6344.9
SUMUR BANDUNG,TAMAN TONGKENG,3610.5
SUMUR BANDUNG,JALUR SUPRATMAN,3370.6
SUMUR BANDUNG,TAMAN JL. MEKAR AGUNG (PERUMAHAN BUMI ASRI PADASUKA III),3331.44
SUMUR BANDUNG,TAMAN SURAPATI/CICAHEUM I,2625
SUMUR BANDUNG,TAMAN SENTRUM,2100.75
SUMUR BANDUNG,JALUR ACEH II,1840
SUMUR BANDUNG,TAMAN EKS SPBU DEPAN TAMAN PRAMUKA,1566
SUMUR BANDUNG,TAMAN SURAPATI/CICAHEUM II,1543.7
SUMUR BANDUNG,TAMAN AIR MANCUR VANDA,976
SUMUR BANDUNG,TAMAN JL. ANGGREK,890
SUMUR BANDUNG,JALUR ACEH I,867.8
SUMUR BANDUNG,TAMAN JL. MEKAR CEMERLANG (PERUMAHAN BUMI ASRI PADASUKA III),816
SUMUR BANDUNG,TAMAN R.E MARTADINATA/ACEH,765.5
SUMUR BANDUNG,TAMAN KOSAMBI,759
SUMUR BANDUNG,TAMAN RIAU/A. YANI,685.6
SUMUR BANDUNG,TAMAN BUTON,612.7
SUMUR BANDUNG,JALUR WASKA BARAT,458.6
SUMUR BANDUNG,TAMAN CISADEA,412.25
SUMUR BANDUNG,BAK BUNGA ACEH/SUMATERA,405.6
SUMUR BANDUNG,TAMAN KATAMSO,340
SUMUR BANDUNG,TAMAN LOMBOK,330
SUMUR BANDUNG,TAMAN JL. MEKAR KENCANA (PERUMAHAN BUMI ASRI PADASUKA III),320
SUMUR BANDUNG,TAMAN NIAS,310
SUMUR BANDUNG,TAMAN JL. MEKAR ASIH (PERUMAHAN BUMI ASRI PADASUKA III),247.8
SUMUR BANDUNG,TAMAN SIMPANG LIMA,244.7
SUMUR BANDUNG,TAMAN JL. DIPONEGORO - JL. CITARUM,235
SUMUR BANDUNG,TAMAN JL. MEKAR WANGI RUKO (PERUMAHAN BUMI ASRI PADASUKA III),190
SUMUR BANDUNG,TAMAN TEXAS SISTER CITY 1,181.6
SUMUR BANDUNG,TAMAN PATUNG BOLA,170
SUMUR BANDUNG,TAMAN PUSKESMAS TAMBLONG,123
SUMUR BANDUNG,TAMAN PULAU JALAN JAWA/MERDEKA,120
SUMUR BANDUNG,JALUR PERINTIS KEMERDEKAAN,105.95
SUMUR BANDUNG,TAMAN JL. MEKAR INDAH (PERUMAHAN BUMI ASRI PADASUKA III),85.1
SUMUR BANDUNG,TAMAN BRAGA - LEMBONG,55
SUMUR BANDUNG,TAMAN DEPAN MASJID AL UKHUWAH,54
UJUNG BERUNG,TAMAN LAP. UJUG BERUNG/ALUN-ALUN,5089
UJUNG BERUNG,TAMAN UJUNG BERUNG INDAH 1,982
UJUNG BERUNG,TAMAN SUKUP BARU,458
UJUNG BERUNG,TAMAN UJUNG BERUNG INDAH 2,250
UJUNG BERUNG,TAMAN RT.03 RW.05 KOMP. MAYANG LIGAR,200
UJUNG BERUNG,TAMAN UJUNG BERUNG INDAH 4,148
UJUNG BERUNG,TAMAN RW.13 KEL. PASIR JATI,140
UJUNG BERUNG,TAMAN SUKUP,81
UJUNG BERUNG,TAMAN UJUNG BERUNG INDAH 3,59
ANDIR,TAMAN WARINGIN,198.1
ANDIR,TAMAN RAJAWALI/ARJUNA,376
ANDIR,JALUR SUDIRMAN,3158.02
ANDIR,TPJ SUDIRMAN - RAJAWALI,825.54
ANDIR,BUNDERAN SUDIRMAN,735
ANDIR,JALUR GARUDA BARAT,2405
ANDIR,JALUR ELANG,1395.67
ANDIR,TAMAN CIMINDI,1557.21
ANDIR,TAMAN YAPLUN,50
ANDIR,TAMAN SUDUT RAJAWALI,666.35
ANDIR,LAPANG ELANG,10306
ANDIR,JALUR GARUDA TIMUR,2968.13
ANDIR,TAMAN RW. 04,110
ANDIR,TAMAN RW. 09,130
ANDIR,TAMAN RW 07 BELAKANG KANTOR,210
ANDIR,TAMAN RW 07,76
ANTAPANI,TAMAN RW 02,171
ANTAPANI,TAMAN RW 03,324
ANTAPANI,TAMAN RW 06,468.4
ANTAPANI,TAMAN RW 15,430.5
ANTAPANI,TAMAN RW 17,220.28
ANTAPANI,TAMAN RW 09,320
ANTAPANI,TAMAN RW 24,194.46
ANTAPANI,TAMAN RW 01,62.34
ANTAPANI,TAMAN RW 02,191.07
ANTAPANI,TAMAN RW 07,590.11
ANTAPANI,TAMAN JATIWANGI BLOK 26,237
ANTAPANI,TAMAN TERUSAN JALAN JAKARTA,343
ANTAPANI,TAMAN RENGASDENGLOK,988
ANTAPANI,TAMAN SUBANG BLOK 5,1826
ANTAPANI,TAMAN KADIPATEN-CICALENGKA,887
ANTAPANI,TAMAN PURWAKARTA-KADIPATEN,1563
ANTAPANI,TAMAN KUNINGAN BLOK 20,252
ANTAPANI,TAMAN KADIPATEN BLOK 12,237
ANTAPANI,TAMAN JATIWANGI,1256
ANTAPANI,TAMAN CIKAMPEK,624
ANTAPANI,TAMAN ANTAPANI LAMA,102
ANTAPANI,TAMAN RW 03 ANTAPANI TENGAH,55
ANTAPANI,TAMAN RW 01 ANTAPANI TENGAH,150
ANTAPANI,TAMAN BATU TULIS,2614
ANTAPANI,TAMAN KARANG ASEM,1438
ANTAPANI,TAMAN SRAGEN-KLATEN,489
ANTAPANI,TAMAN PURWOREJO,1010
ANTAPANI,TAMAN PEKALONGAN,969
ANTAPANI,TAMAN JAYAPURA,1104
ANTAPANI,TAMAN BATU WANGI-SINDANG KASIH,1098
ANTAPANI,TAMAN ATAMBUA,664
ANTAPANI,TAMANJALUR PRATISTA UTAMA,889
ANTAPANI,TAMAN PRATISTA RAYA,34.89
ANTAPANI,TAMAN BLOK D-39,104.32
ANTAPANI,TAMAN PRATISTA BARAT I,51
ANTAPANI,TAMAN PRATISTA BARAT II,113
ANTAPANI,TAMAN PRANAYA 1,89
ANTAPANI,TAMAN GERBANG PRANAYA,49.23
ANTAPANI,TAMAN PRANAYA 2,170
ANTAPANI,TAMAN BOUGENVILLE,4746
ARCAMANIK,TAMAN GANTOLE,192.89
ARCAMANIK,TAMAN AEROMODELING,816
ARCAMANIK,TAMAN GOLF BARAT 2 A,839.91
ARCAMANIK,TAMAN POLO AIR,328.32
ARCAMANIK,TAMAN GOLF BARAT 2 B,212
ARCAMANIK,TAMAN GANTOLE-DIRGANTARA,75
ARCAMANIK,TAMANLAPANGAN PACUAN KUDA,665000
ARCAMANIK,TAMAN GOLF BARAT XIII,940
ARCAMANIK,TAMAN HOCKY,442
ARCAMANIK,TAMAN TERBANG LAYANG I,1338
ARCAMANIK,TAMAN TAEKONDO-KEMPO,396
ARCAMANIK,TAMAN SKI AIR,7139.78
ARCAMANIK,TAMAN BULU TANGKIS,69
ARCAMANIK,TAMAN GOLF BARAT 2 C,325
ARCAMANIK,TAMAN TERBANG LAYANG II,375.46
ARCAMANIK,TAMAN BOWLING,732.12
ARCAMANIK,TAMAN SUDUT ARCAMANIK,286.44
ARCAMANIK,TAMAN ARCAMANIK I,374
ARCAMANIK,TAMAN ARCAMANIK II,740.33
ARCAMANIK,TAMAN ARCAMANIK III,810.05
ARCAMANIK,TAMAN ARCAMANIK IV,660
ARCAMANIK,TAMAN ARCAMANIK V,616
ARCAMANIK,TAMAN ARCAMANIK VII,440.06
ARCAMANIK,TAMAN ARCAMANIK XVIII,599.61
ARCAMANIK,TAMAN BALON UDARA,242
ARCAMANIK,TAMAN AEROMODELING III,185
ARCAMANIK,TAMAN AEROMODELING IV,338
ARCAMANIK,TAMAN DIRGANTARA,315
ARCAMANIK,TAMAN TENIS,390
ARCAMANIK,TAMAN ICE SKATING I,312
ARCAMANIK,TAMAN ICE SKATING I,325
ARCAMANIK,TAMAN TERJUN TENDOM,208
ARCAMANIK,TAMAN RW. 09 KOMP. GURUMINDA,170
ARCAMANIK,TAMAN RW JL. CICUKANG,200
ARCAMANIK,TAMAN ARCAMANIK,661.5
ARCAMANIK,TAMAN RW 07,289.62
ARCAMANIK,TAMAN RW 11,158
ARCAMANIK,TAMAN RW 13,235
ARCAMANIK,TAMAN RW 12,741.28
ARCAMANIK,TAMAN RW 10,266.75
ARCAMANIK,TAMAN GOLF BARAT VII DEPAN NO 07,-
ARCAMANIK,TAMAN RW 09 DI KEC ARCAMANIK,231.28
ASTANAANYAR,TAMAN ASTANA ANYAR,56.89
ASTANAANYAR,TAMAN PAJAGALAN I,49.7
ASTANAANYAR,TAMAN PAJAGALAN II,746.9
ASTANAANYAR,TAMAN INHOFTANK,112.77
ASTANAANYAR,TAMAN RW.04,40
ASTANAANYAR,TAMAN RW.05,80
ASTANAANYAR,TAMAN RW 03,105
ASTANAANYAR,TAMAN RW 06,400
BABAKAN CIPARAY,TAMAN LINGKUNGAN PERUMAHAN SUMBER SARI,2973
BABAKAN CIPARAY,TAMAN CARINGIN,63
BABAKAN CIPARAY,TAMAN RW.04,70
BABAKAN CIPARAY,TAMAN RW 07,371.36
BABAKAN CIPARAY,TAMAN CIBOLERANG,891
BABAKAN CIPARAY,TAMAN SATRIA RW 07 BLOK G,96
BABAKAN CIPARAY,TAMAN RW RT 07 CIRANGRANG,123
BABAKAN CIPARAY,TAMAN RW 10 BABAKAN,112
BABAKAN CIPARAY,TAMAN RW 05 CIRANGRANG,115
BABAKAN CIPARAY,TAMAN RW 01 MARGAHAYU UTARA,96
BANDUNG KIDUL,TAMAN RW 10,223.21
BANDUNG KIDUL,TAMAN RW 04,193
BANDUNG KIDUL,TAMAN RW 04 ISTANA KAWALUYAAN,120
BANDUNG KIDUL,TAMAN SANGGAR HURIP 2,452
BANDUNG KIDUL,TAMAN SANGGAR HURIP 3,565
BANDUNG KIDUL,TAMAN SANGGAR HURIP 6,480
BANDUNG KIDUL,TAMAN BLOK O2 DEPAN NO. 125,567
BANDUNG KIDUL,TAMAN BLOK S2 DEPAN NO. 69,472
BANDUNG KIDUL,TAMAN BLOK I2 DEPAN NO. 84,325
BANDUNG KIDUL,TAMAN GADING 1,416
BANDUNG KIDUL,TAMAN GADING 2,621
BANDUNG KIDUL,TAMAN GADING 3,1165
BANDUNG KIDUL,TAMAN GADING 4,436
BANDUNG KIDUL,TAMAN GADING 5,235
BANDUNG KIDUL,TAMAN GADING 6,214
BANDUNG KIDUL,TAMAN GADING 8,595
BANDUNG KIDUL,TAMAN GADING 9,2795
BANDUNG KIDUL,TAMAN GADING 10,810
BANDUNG KIDUL,TAMAN GADING 11,376
BANDUNG KIDUL,TAMAN BATU PERMATA,530
BANDUNG KIDUL,TAMAN 1,1646
BANDUNG KIDUL,TAMAN 2,1794
BANDUNG KIDUL,TAMAN 3,3720
BANDUNG KIDUL,TAMAN 4,617
BANDUNG KIDUL,TAMAN 5,4855
BANDUNG KIDUL,PULAU JALAN SAMSAT,124
BANDUNG KULON,TAMAN LINGKUNGAN PERUMAHAN SADANG,545.23
BANDUNG KULON,TAMAN LINGKUNGAN PERUMNAS CIJERAH I,4794
BANDUNG KULON,TAMAN LINGKUNGAN PERUMNAS CIBUNTU,1370
BANDUNG KULON,TAMAN RW.04,210
BANDUNG KULON,TAMAN RW.05,170
BANDUNG KULON,TAMAN RW 08,271.93
BANDUNG KULON,TAMAN RW 07,420
BANDUNG KULON,TAMAN RW 05,109
BANDUNG KULON,TAMAN RW 05,289.13
BANDUNG KULON,TAMAN RW 10,345.52
BANDUNG WETAN,TAMAN JL. DIPONEGORO - JL. TRUNOJOYO,709.18
BANDUNG WETAN,TAMAN NYLAND,783.75
BANDUNG WETAN,TAMAN WASKA/TAMANSARI,81.49
BANDUNG WETAN,TAMAN WASKA/PURNAWARMAN (TEXAS),144.9
BANDUNG WETAN,TAMAN WASKA/PAJAJARAN (MACAN),127.5
BANDUNG WETAN,TAMAN DEPAN GALERIA BIP SUMATERA/SULAWESI,200.9
BANDUNG WETAN,TAMAN WASKA PANGLIMA,137.4
BANDUNG WETAN,TAMAN WASTUKANCANA/TAMANSARI (LIUZOU),280
BANDUNG WETAN,TAMAN SERAM,9511.23
BANDUNG WETAN,GOR SAPARUA,44300
BANDUNG WETAN,TAMAN LALU LINTAS,45600.87
BANDUNG WETAN,STADION SILIWANGI,60576.87
BANDUNG WETAN,TAMAN GEDUNG SATE,16605
BANDUNG WETAN,TAMAN PKK,2893.7
BANDUNG WETAN,TAMAN CIBEUNYING BANK NISP,688.25
BANDUNG WETAN,JALUR HIJAU JALAN CILIWUNG,936
BANDUNG WETAN,JALUR HIJAU JALAN CITARUM,436.66
BANDUNG WETAN,TAMAN CITARUM,1102.67
BANDUNG WETAN,TAMAN DKK SUPRATMAN,264.5
BANDUNG WETAN,TAMAN TRUNOJOYO,850.56
BANDUNG WETAN,TAMAN CILAKI ATAS (TAMAN LANSIA),16620
BANDUNG WETAN,TAMAN CILAKI TENGAH (TAMAN KANDAGA PUSPA),6487
BANDUNG WETAN,TAMAN CILAKI BAWAH I DAN II (PET PARK),9753
BANDUNG WETAN,TAMAN CILAKI,300
BANDUNG WETAN,TAMAN PROGO,172
BANDUNG WETAN,TAMAN GEMPOL,1245.5
BANDUNG WETAN,TAMAN ANGGREK/BENGAWAN (TAMAN SUPER HERO),1425
BANDUNG WETAN,TAMAN PRAMUKA,13845.34
BANDUNG WETAN,LAPANG GASIBU,25962
BANDUNG WETAN,JALUR PRABUDIMUNTUR/SURAPATI,3600
BANDUNG WETAN,TAMAN WIRA ANGUN-ANGUN,918
BANDUNG WETAN,LAPANG SUPRATMAN (TAMAN PERSIB),9072.75
BANDUNG WETAN,TAMAN CIPUNAGARA,688
BANDUNG WETAN,TAMAN SALAM PUSKESMAS,63.5
BANDUNG WETAN,TAMAN RASAMALA,756.99
BANDUNG WETAN,TAMANLAPANG SALAM,1685
BANDUNG WETAN,TAMAN CENDANA,392.47
BANDUNG WETAN,PULAU JALAN SENTOT,16.04
BANDUNG WETAN,TAMAN RANGGA MALELA (TAMAN RADIO),920.9
BANDUNG WETAN,PULAU JALANTAMANSARI/UNISBA,127.1
BANDUNG WETAN,JALUR HIJAUTAMANSARI,908.1
BANDUNG WETAN,TAMAN GAJAH LUMANTUNG,807.05
BANDUNG WETAN,TAMAN CIUNGWANARA,1943
BANDUNG WETAN,TAMAN CIKAPAYANG/BADAK SINGA (DEPAN PDAM),846.34
BANDUNG WETAN,TAMAN BALUBUR/TAMANSARI,117.3
BANDUNG WETAN,JALUR HIJAU CIKAPAYANG,1800
BANDUNG WETAN,PULAU JALAN BALUBUR,131.6
BANDUNG WETAN,TAMAN SKANDA/GANESHA,312.8
BANDUNG WETAN,TAMAN DR. SLAMET,1521.7
BANDUNG WETAN,TAMAN CEMPAKA (TAMAN FOTOGRAFI),1785
BANDUNG WETAN,TAMAN MANGGA,2850
BANDUNG WETAN,TAMAN PASUPATI (TAMAN JOMBLO),1539
BANDUNG WETAN,TAMAN SKATE PARK,300
BANDUNG WETAN,TAMAN CIBEUNYING PARK,488.25
BANDUNG WETAN,TAMAN FILM,1100
BANDUNG WETAN,TAMAN RW 07,122.08
BANDUNG WETAN,TAMAN RW 10,654.2
BANDUNG WETAN,TAMAN MALUKU,23633.24
BANDUNG WETAN,TAMAN INKLUSI,400
BATUNUNGGAL,TAMAN PULAU JALAN GATOT SUBROTO/LASWI,428.4
BATUNUNGGAL,BAK BUNGA GATOT SUBROTO/LASWI,84.6
BATUNUNGGAL,TAMAN KEBON WARU I,1901.2
BATUNUNGGAL,TAMAN KEBON WARU II,234.2
BATUNUNGGAL,TAMAN ANYER,2814
BATUNUNGGAL,STADION PERSIB,23005.05
BATUNUNGGAL,TAMAN SALENDRO TIMUR,472
BATUNUNGGAL,TAMAN PULAU JALAN LASWI,234.4
BATUNUNGGAL,TAMAN RW 05,100.13
BATUNUNGGAL,TAMAN RW 05,216.75
BATUNUNGGAL,TAMAN RW 10,417.01
BOJONGLOA KALER,TAMAN LINGKAR SELATAN/PASIRKOJA,852.25
BOJONGLOA KALER,TAMAN PAGARSIH/JAMIKA,151
BOJONGLOA KALER,JALUR HIJAU PETA,2464.46
BOJONGLOA KALER,JALUR HIJAU JAMIKA,820
BOJONGLOA KALER,TAMAN BOJONGLOA / TUKANG RAMPE,68
BOJONGLOA KALER,TAMAN PASEBAN/KENCANA TIMUR,418
BOJONGLOA KALER,TAMAN KOPO KENCANA,1249.7
BOJONGLOA KALER,TAMAN TRITISAN KENCANA,956
BOJONGLOA KALER,TAMAN PAYUNG KENCANA,605
BOJONGLOA KALER,TAMAN TITISAN KENCANA,16
BOJONGLOA KALER,JALUR HIJAU UNDAK KENCANA,84
BOJONGLOA KALER,TAMAN RUKO KENCANA,876.82
BOJONGLOA KALER,TAMAN BABAKAN CIPARAY,35
BOJONGLOA KALER,TAMAN BABAKAN TAROGONG,616
BOJONGLOA KALER,TAMAN SUDIRMAN/JAMIKA,286.6
BOJONGLOA KALER,TAMAN RW.04,80
BOJONGLOA KALER,TAMAN RW 09,109.45
BOJONGLOA KALER,TAMAN RW 10,247.1
BOJONGLOA KIDUL,TAMAN LEUWIPANJANG/LINGKAR SELATAN,90.7
BOJONGLOA KIDUL,TAMAN LINGKAR SELATAN/KOPO,128
BOJONGLOA KIDUL,TAMAN CIBADUYUT/SOEKARNO HATTA,182.5
BOJONGLOA KIDUL,TAMAN KOPO/ SOEKARNO HATTA,148
BOJONGLOA KIDUL,TAMAN RW.02 KOMP. CIBADUYUT PERMAI,150
BOJONGLOA KIDUL,TAMAN JL. MUARA SARI RW. 11,100
BOJONGLOA KIDUL,TAMAN RW 04,97
BOJONGLOA KIDUL,TAMAN RW 10 SITUSAEUR,97
BOJONGLOA KIDUL,TAMAN RW 05 SITUSAEUR,-
BUAHBATU,TAMAN DI JL. BUNGA BAKUNG RW. 07 KEL CIJAWURA,150
BUAHBATU,TAMAN JUPITER UTAMA,92
BUAHBATU,TAMAN BLOK D II A,670
BUAHBATU,TAMAN BLOK D II D,649
BUAHBATU,TAMAN BLOK E II,1539
BUAHBATU,TAMAN BLOK D II F,190
BUAHBATU,TAMAN BLOK D II G,437
BUAHBATU,TAMAN BLOK D II H,413
BUAHBATU,TAMAN BLOK D II J,456
BUAHBATU,TAMAN BLOK U,236
BUAHBATU,TAMAN BLOK Z A,460
BUAHBATU,TAMAN BLOK B A,349
BUAHBATU,TAMAN BLOK A DAN B,1499
BUAHBATU,TAMAN BLOK B B (TAMAN RW 13),900
BUAHBATU,TAMAN BLOK K,3879
BUAHBATU,TAMAN BLOK N,600
BUAHBATU,TAMAN BLOK S A,706.46
BUAHBATU,TAMAN BLOK S B,680
BUAHBATU,TAMAN BLOK R A,1010.22
BUAHBATU,TAMAN BLOK R B,320.64
BUAHBATU,TAMAN BLOK R/O,938.55
BUAHBATU,TAMAN BLOK Q2 A,1106
BUAHBATU,TAMAN BLOK Q2 B,567
BUAHBATU,TAMAN BLOK H2,483
BUAHBATU,TAMAN BLOK K2 A,420
BUAHBATU,TAMAN BLOK L2 A,1835
BUAHBATU,TAMAN BLOK G2,1781
BUAHBATU,TAMAN BLOK L2 B,437
BUAHBATU,TAMAN BLOK L2 C,375
BUAHBATU,TAMAN BLOK L2 D,874
BUAHBATU,TAMAN BLOK L2 F,437
BUAHBATU,TAMAN BLOK L2 G,437
BUAHBATU,TAMAN BLOK L2 (AL BAYAN),816
BUAHBATU,TAMAN BLOK L2 H,460
BUAHBATU,TAMAN BLOK L2 I,1994
BUAHBATU,TAMAN BLOK B2 C,663
BUAHBATU,TAMAN BLOK A2,1922
BUAHBATU,TAMAN BLOK D2 A,378
BUAHBATU,TAMAN BLOK E2 B,108
BUAHBATU,TAMAN BLOK E2 D,56.04
BUAHBATU,TAMAN BLOK G2,625
BUAHBATU,TAMAN BLOK N2,600.02
BUAHBATU,TAMAN BLOK O2 A,180
BUAHBATU,TAMAN BLOK O2 B,230.67
BUAHBATU,TAMAN BLOK O2 C,47.08
BUAHBATU,TAMAN BLOK T2 DEPAN NO. 24,557
BUAHBATU,TAMAN BLOK V2,2173
BUAHBATU,TAMAN BLOK M2,413
BUAHBATU,TAMAN BLOK B2 B,770
BUAHBATU,TAMAN RW 04,273.25
BUAHBATU,TAMAN RW 02,446.47
BUAHBATU,TAMAN RW 13,315.56
BUAHBATU,TAMAN RW 07,359.32
CIBEUNYING KALER,TAMAN SUPRATMAN/WARGA,175
CIBEUNYING KALER,JALUR PAHLAWAN,3000
CIBEUNYING KALER,TAMAN BATIK TIGA NEGRI,1246.25
CIBEUNYING KALER,TAMAN SIDOLUHUR,1425
CIBEUNYING KALER,TAMAN SUDUT SUCI,116
CIBEUNYING KALER,LAPANG TIKUKUR,12500
CIBEUNYING KALER,TAMAN TITIRAN,210
CIBEUNYING KALER,TAMAN MERAK,1021
CIBEUNYING KALER,TAMAN SURAPATI,1350
CIBEUNYING KALER,LAPANGAN OLAHRAGA,5878
CIBEUNYING KALER,TAMAN JALAPRANG,1759.49
CIBEUNYING KALER,TAMAN RW.02,220
CIBEUNYING KALER,TAMAN RW 05,650.47
CIBEUNYING KALER,TAMAN RW 08,307.29
CIBEUNYING KALER,TAMAN RW 05 PASIRLAYUNG,650
CIBEUNYING KALER,TAMAN RW 08 CIHAURGEULIS,-
CIBEUNYING KALER,TAMAN RW 09 SUKALUYU,215
CIBEUNYING KALER,TAMAN RW 10 SUKAMAJU,-
CIBEUNYING KIDUL,TAMAN JL. DIPONEGORO - JL. CITARUM,235
CIBEUNYING KIDUL,JALUR SUPRATMAN,3370.6
CIBEUNYING KIDUL,TAMAN KATAMSO,340
CIBEUNYING KIDUL,TAMAN CISADEA,412.25
CIBEUNYING KIDUL,TAMAN SURAPATI/CICAHEUM I,2625
CIBEUNYING KIDUL,TAMAN SURAPATI/CICAHEUM II,1543.7
CIBEUNYING KIDUL,TAMAN JL. MEKAR ASIH (PERUMAHAN BUMI ASRI PADASUKA III),247.8
CIBEUNYING KIDUL,TAMAN JL. MEKAR INDAH (PERUMAHAN BUMI ASRI PADASUKA III),85.1
CIBEUNYING KIDUL,TAMAN JL. MEKAR WANGI RUKO (PERUMAHAN BUMI ASRI PADASUKA III),190
CIBEUNYING KIDUL,TAMAN JL. MEKAR KENCANA (PERUMAHAN BUMI ASRI PADASUKA III),320
CIBEUNYING KIDUL,TAMAN JL. MEKAR CEMERLANG (PERUMAHAN BUMI ASRI PADASUKA III),816
CIBEUNYING KIDUL,TAMAN JL. MEKAR AGUNG (PERUMAHAN BUMI ASRI PADASUKA III),3331.44
CIBEUNYING KIDUL,TAMAN VILLA ASRI TENGAH V,-
CIBEUNYING KIDUL,TAMAN VILLA ASRI RAYA,-
CIBEUNYING KIDUL,TAMAN VILLA ASRI III,-
CIBEUNYING KIDUL,TAMAN VILLA ASRI 3,-
CICENDO,TAMAN PATUNG HUSEIN,518.25
CICENDO,TAMAN DR. RAJIMAN,895.5
CICENDO,TAMAN DR. OTTEN 1,3171.08
CICENDO,TAMAN DR. OTTEN 2,58
CICENDO,PULAU JALAN WESTHCOOP I,183.06
CICENDO,PULAU JALAN WESTHCOOP II,137.5
CICENDO,TAMAN CURIE,974.04
CICENDO,TAMAN ERLIGH,391
CICENDO,TAMAN ABDUL RIVA'I,671.7
CICENDO,TAMAN DR. CIPTO,1709.18
CICENDO,TAMAN PANDU/PADJADJARAN,82.25
CICENDO,TAMAN MONUMEN KTT NON BLOK,1526.73
CICENDO,TAMAN ABD. RACHMAN SALEH,1959.06
CICENDO,TAMAN SUPADIO I,858.75
CICENDO,TAMAN SUPADIO II,431.5
