nama,alamat,kecamatan,type,latitude,longitude,tahun,source_file
CIWALK,JL. CIHAMPELAS NO. 160,Coblong,tourism_shopping,-6.892040010593098,107.60505450446244,2021,cleaned_objek_wisata_belanja.csv
PARIS VAN JAVA RESORT LIFESTYLE PLACE,JL. SUKAJADI NO. 131-139,Sukasari,tourism_shopping,-6.887284479328349,107.59614923028673,2021,cleaned_objek_wisata_belanja.csv
BTC FASHION MALL,JL. DR. DJUNJUNAN NO. 143-149,Sukasari,tourism_shopping,-6.891267778753975,107.58534565200128,2021,cleaned_objek_wisata_belanja.csv
ISTANA PLAZA,JL. PASIR KALIKI NO. 121-123,Cicendo,tourism_shopping,-6.903687066118921,107.59703469863425,2021,cleaned_objek_wisata_belanja.csv
ISTANA BEC,JL. PURNAWARMAN NO. 13-15,Bandung Wetan,tourism_shopping,-6.9064136285250814,107.60853574494158,2021,cleaned_objek_wisata_belanja.csv
MALL PASKAL 23 HYPERSQUARE BANDUNG,KEBON JERUK ANDIR,Cicendo,tourism_shopping,-6.913288882344184,107.59438468720332,2021,cleaned_objek_wisata_belanja.csv
GRAND YOGYA KEPATIHAN,JL. KEPATIHAN NO. 18,Regol,tourism_shopping,-6.92199155090802,107.60593431871882,2021,cleaned_objek_wisata_belanja.csv
BRAGA CITY WALK,JL. BRAGA NO. 99-101,Sumur Bandung,tourism_shopping,-6.9152060212036295,107.60935141882892,2021,cleaned_objek_wisata_belanja.csv
BANDUNG INDAH PLAZA,JL. MERDEKA NO. 56,Bandung Wetan,tourism_shopping,-6.906461662542402,107.6106710441752,2021,cleaned_objek_wisata_belanja.csv
TRANS STUDIO MALL,JL. GATOT SUBROTO NO. 289,Batununggal,tourism_shopping,-6.923332484599419,107.6365056658089,2021,cleaned_objek_wisata_belanja.csv
FESTIVAL CITYLINK,JL. PETA NO. 241,Bojongloa Kaler,tourism_shopping,-6.927961605244426,107.5861900915108,2021,cleaned_objek_wisata_belanja.csv
TERAS CIHAMPELAS BANDUNG,JL. CIHAMPELAS NO. 162,Coblong,tourism_shopping,-6.893683587976739,107.60420310492128,2021,cleaned_objek_wisata_belanja.csv
LIVING PLAZA DAGO,JL. IR. H. JUANDA TAMANSARI,Bandung Wetan,tourism_shopping,-6.899783700383481,107.6115831402815,2021,cleaned_objek_wisata_belanja.csv
CLICK SQUARE,JL. NARIPAN NO. 89,Sumur Bandung,tourism_shopping,-6.919687260878797,107.61601294382884,2021,cleaned_objek_wisata_belanja.csv
PLAZA SETRASARI,JL. SURYA SUMANTRI NO. 444,Sukasari,tourism_shopping,-6.880458460110545,107.58230127299392,2021,cleaned_objek_wisata_belanja.csv
BALUBUR TOWN SQUARE,JL. TAMANSARI NO. P-2,Bandung Wetan,tourism_shopping,-6.897856405196513,107.6093136384184,2021,cleaned_objek_wisata_belanja.csv
MIKO MALL KOPO,JL. RAYA KOPO NO. 599,Babakan Ciparay,tourism_shopping,-6.959857000032356,107.5808088664058,2021,cleaned_objek_wisata_belanja.csv
RIAU JUNCTION,JL. L. L. R. E. MARTADINATA,Sumur Bandung,tourism_shopping,-6.906275618025114,107.6122259662744,2021,cleaned_objek_wisata_belanja.csv
PASAR BARU TRADE CENTER,JL. OTTO ISKANDAR DINATA NO. 70,Sumur Bandung,tourism_shopping,-6.917337776713038,107.60429321080534,2021,cleaned_objek_wisata_belanja.csv
BTM BANDUNG TRADE MALL,JL IBRAHIM ADJIE NO. 47,Batununggal,tourism_shopping,-6.911264675617622,107.64430607988103,2021,cleaned_objek_wisata_belanja.csv
PARAHYANGAN PLAZA,JL. DALEM KAUM NO. 54,Regol,tourism_shopping,-6.9214530590347865,107.60623949107055,2021,cleaned_objek_wisata_belanja.csv
THE KINGS SHOPPING CENTRE,JL. KEPATIHAN NO. 11-17,Regol,tourism_shopping,-6.922012047145163,107.60515513613716,2021,cleaned_objek_wisata_belanja.csv
LUCKY SQUARE MALL,JL. TERUSAN JAKARTA NO. 2,Kiaracondong,tourism_shopping,-6.912789341821708,107.64485622644148,2021,cleaned_objek_wisata_belanja.csv
PISET SQUARE,JL. PELAJAR PEJUANG 45 NO. 119,Lengkong,tourism_shopping,-6.933279379222399,107.6258017895552,2021,cleaned_objek_wisata_belanja.csv
MD PLAZA,JL. OTTO ISKANDAR DINATA,Sumur Bandung,tourism_shopping,-6.916555956458383,107.60401937657836,2021,cleaned_objek_wisata_belanja.csv
YOGYA JUNCTION,JL. SUMATERA,Sumur Bandung,tourism_shopping,-6.906621122123139,107.6120481953328,2021,cleaned_objek_wisata_belanja.csv
UJUNG BERUNG TOWN SQUARE,JL. A. H. NASUTION NO. 46A,Cinambo,tourism_shopping,-6.914178822557875,107.69661601066169,2021,cleaned_objek_wisata_belanja.csv
METRO TRADE CENTER,SEKEJATI BUAH BATU,Buahbatu,tourism_shopping,-6.9430663913270205,107.65887223541534,2021,cleaned_objek_wisata_belanja.csv
METRO INDAH MALL,JL. SOEKARNO HATTA JL. MTC BARAT NO. 590,Buahbatu,tourism_shopping,-6.9430663913270205,107.65887223541534,2021,cleaned_objek_wisata_belanja.csv
JAYA PLAZA,JL. JEND. AHMAD YANI NO. 238,Batununggal,tourism_shopping,-6.917657329259269,107.62659842430485,2021,cleaned_objek_wisata_belanja.csv
THE PLAZA IBCC,JL. JEND AHMAD YANI NO. 296,Batununggal,tourism_shopping,-6.915313975997785,107.63342472235416,2021,cleaned_objek_wisata_belanja.csv
ITC KEBON KELAPA,JL. MOH. TOHA JL. PUNGKUR,Batununggal,tourism_shopping,-6.915313975997785,107.63342472235416,2021,cleaned_objek_wisata_belanja.csv
RAJAWALI PLAZA,JL. RAJAWALI TIMUR NO. 27,Andir,tourism_shopping,-6.915876683103376,107.58891379324648,2021,cleaned_objek_wisata_belanja.csv
BUAH BATU SQUARE,JL. RAYA BOJONGSOANG NO. 321,Bandung Wetan,tourism_shopping,-6.966452513855623,107.63804152790944,2021,cleaned_objek_wisata_belanja.csv
RAMAYANA,JL. ASTANA ANYAR NO. 186,Astanaanyar,tourism_shopping,-6.92688126311042,107.5998676354403,2021,cleaned_objek_wisata_belanja.csv
YOGYA SUNDA,JL. SUNDA NO. 60,Sumur Bandung,tourism_shopping,-6.9178196094115565,107.61826415056704,2021,cleaned_objek_wisata_belanja.csv
RUMAH MODE FACTORY OUTLET,JL. DR. SETIABUDI NO. 41,Cidadap,tourism_shopping,-6.876233328556991,107.6010442257491,2021,cleaned_objek_wisata_belanja.csv
BLOSSOM,JL. IR. H. JUANDA NO. 112,Coblong,tourism_shopping,-6.889413936012234,107.61358346500812,2021,cleaned_objek_wisata_belanja.csv
MERDEKA ARCADE FACTORY OUTLET,JL. MERDEKA NO. 35,Bandung Wetan,tourism_shopping,-6.90627142405612,107.61051262087368,2021,cleaned_objek_wisata_belanja.csv
MORNING DEW FACTORY OUTLET,JL. IR. H. JUANDA NO. 81,Coblong,tourism_shopping,-6.893907569742586,107.611940791486,2021,cleaned_objek_wisata_belanja.csv
PABERIK BADJOE FACTORY OUTLET,JL. SOEKARNO HATTA NO. 573,Batununggal,tourism_shopping,-6.941533483597855,107.63848041889923,2021,cleaned_objek_wisata_belanja.csv
BANDARBAJU.COM PUSAT BISNIS BAJU MURAH BANDUNG,JL. ANGKASA MEKAR NO. 88,Babakan Ciparay,tourism_shopping,-6.957374186500854,107.59012380428751,2021,cleaned_objek_wisata_belanja.csv
FACTORY OUTLET STORE,JL. DR. SETIABUDI 73,Cidadap,tourism_shopping,-6.87053744092307,107.5940868594795,2021,cleaned_objek_wisata_belanja.csv
THE SECRET FACTORY OUTLET,JL. L. L. R. E. MARTADINATAÂ  NO. 47,Bandung Wetan,tourism_shopping,-6.904341501026932,107.61460880065005,2021,cleaned_objek_wisata_belanja.csv
CARGO FACTORY OUTLET,JL. DIPONEGORO NO. 30,Cibeunying Kaler,tourism_shopping,-6.899910912083527,107.6220760149725,2021,cleaned_objek_wisata_belanja.csv
ANAKECIL FACTORY OUTLET,JL. HAYAM WURUK NO. 32,Bandung Wetan,tourism_shopping,-6.902041250680221,107.62035941582116,2021,cleaned_objek_wisata_belanja.csv
HERITAGE THE FACTORY OUTLET,JL. L. L. R. E. MARTADINATA NO. 63-65,Bandung Wetan,tourism_shopping,-6.904086411492033,107.61718370032496,2021,cleaned_objek_wisata_belanja.csv
PASSION FACTORY OUTLET,JL. L. L. R. E. MARTADINATA NO. 36,Bandung Wetan,tourism_shopping,-6.905668433280177,107.61664414888116,2021,cleaned_objek_wisata_belanja.csv
EST FACTORY OUTLET,JL. SUMATERA NO. 28-30,Sumur Bandung,tourism_shopping,-6.916087641641674,107.61391375120031,2021,cleaned_objek_wisata_belanja.csv
DSE FACTORY OUTLET,JL. MERDEKA NO. 35,Sumur Bandung,tourism_shopping,-6.907861945781902,107.61016158072113,2021,cleaned_objek_wisata_belanja.csv
ADIDAS OUTLET STORE,JL. SOEKARNO HATTA NO. 57355,Batununggal,tourism_shopping,-6.945820849775246,107.63874392149508,2021,cleaned_objek_wisata_belanja.csv
THE CROWN PREMIUM OUTLETS,JL. L. L. R. E. MARTADINATA NO. 51,Bandung Wetan,tourism_shopping,-6.90639141247417,107.61504971910932,2021,cleaned_objek_wisata_belanja.csv
ADIDAS OUTLET DAGO,JL. IR H. JUANDA NO. 123,Coblong,tourism_shopping,-6.890279955952941,107.61339052843395,2021,cleaned_objek_wisata_belanja.csv
EIGER,JL. PELAJAR PEJUANG 45 NO. 112,Lengkong,tourism_shopping,-6.93251141208714,107.62307514112626,2021,cleaned_objek_wisata_belanja.csv
EIGER ADVENTURE CIHAMPELAS,JL. CIHAMPELAS NO. 22,Bandung Wetan,tourism_shopping,-6.90398199964887,107.60461201101285,2021,cleaned_objek_wisata_belanja.csv
PEGASHOES,JL. KEMBANG SAPATU NO. 3,Sumur Bandung,tourism_shopping,-6.917630849245296,107.6245878965211,2021,cleaned_objek_wisata_belanja.csv
FO RIAU STOK MALL,JL. L. L. R. E. MARTADINATA NO. 160,Bandung Wetan,tourism_shopping,-6.912518306702773,107.6291368858317,2021,cleaned_objek_wisata_belanja.csv
EXPORT STATION,JL. SUMATERA NO. 24-30,Sumur Bandung,tourism_shopping,-6.914566983084818,107.61395944297708,2021,cleaned_objek_wisata_belanja.csv
FS BODYPACK EIGER STORE DAGO,JL. IR. H. JUANDA NO. 88,Coblong,tourism_shopping,-6.89471339141491,107.61327236979164,2021,cleaned_objek_wisata_belanja.csv
CONSINA STORE BANDUNG,JL. LENGKONG BESAR NO. 79,Lengkong,tourism_shopping,-6.925321832006346,107.6123781586149,2021,cleaned_objek_wisata_belanja.csv
ISTANA SEPATU,JL. DALEM KAUM NO. 25,Regol,tourism_shopping,-6.921761034164259,107.60481619141464,2021,cleaned_objek_wisata_belanja.csv
ISTANA SEPATU MERDEKA,JL. MERDEKA NO. 23A,Sumur Bandung,tourism_shopping,-6.909031604124932,107.6104479551268,2021,cleaned_objek_wisata_belanja.csv
EIGER SUMATERA,JL. SUMATERA NO. 23,Sumur Bandung,tourism_shopping,-6.915838350397886,107.61338908638176,2021,cleaned_objek_wisata_belanja.csv
THE SAPARUA,JL. AMBON NO. 15,Bandung Wetan,tourism_shopping,-6.907073430112584,107.61679002283245,2021,cleaned_objek_wisata_belanja.csv
CASCADE FASHION HOUSE AND HOME LIVING,JL. L. L. R. E. MARTADINATA NO. 65,Bandung Wetan,tourism_shopping,-6.905507734477263,107.61738010469917,2021,cleaned_objek_wisata_belanja.csv
UNDER ARMOUR BANDUNG,JL. IR. H. JUANDA NO. 23,Bandung Wetan,tourism_shopping,-6.904552125190411,107.61046809552263,2021,cleaned_objek_wisata_belanja.csv
TERMINAL TAS,JL. L. L. R. E. MARTADINATA NO. 32,Bandung Wetan,tourism_shopping,-6.905681029509282,107.61631843989504,2021,cleaned_objek_wisata_belanja.csv
IBC JEANS & FACTORY OUTLET,JL. CIHAMPELAS NO. 114,Bandung Wetan,tourism_shopping,-6.897148511325782,107.604214512886,2021,cleaned_objek_wisata_belanja.csv
DEARUMMANIS FACTORY OUTLET,JL. CIHAMPELAS NO. 144,Coblong,tourism_shopping,-6.895486917998204,107.60421449881454,2021,cleaned_objek_wisata_belanja.csv
NIKE FACTORY STORE,JL. IR. H. JUANDA NO. 145,Coblong,tourism_shopping,-6.888811226155463,107.6128195308568,2021,cleaned_objek_wisata_belanja.csv
EPISODE,JL. IR. H. JUANDA NO. 125,Coblong,tourism_shopping,-6.89142587388843,107.61278572240374,2021,cleaned_objek_wisata_belanja.csv
MACADAMIA LITTLE GLAMZ,JL. BAHUREKSA NO.12,Bandung Wetan,tourism_shopping,-6.905373266499163,107.61446943114248,2021,cleaned_objek_wisata_belanja.csv
RABBANI KEMKO BUAH BATU,JL. BUAH BATU NO. 150,Lengkong,tourism_shopping,-6.937375940087906,107.62300645122797,2021,cleaned_objek_wisata_belanja.csv
GANI FACTORY OUTLET,JL. A.H. NASUTION KM 10 NO. 6-8,Ujungberung,tourism_shopping,-6.912032535092137,107.69169095631952,2021,cleaned_objek_wisata_belanja.csv
HOUSE OF DONATELLO,JL. IR. H. JUANDA NO. 104,Coblong,tourism_shopping,-6.89234104056075,107.61346546433096,2021,cleaned_objek_wisata_belanja.csv
FACTORY OUTLET TOMKINS,JL. GEDEBAGE SELATAN NO. 95,Gedebage,tourism_shopping,-6.946721209427769,107.68908069175131,2021,cleaned_objek_wisata_belanja.csv
HYPESTORE,JL. CIHAMPELAS NO. 178,Coblong,tourism_shopping,-6.890222261711635,107.60362729289436,2021,cleaned_objek_wisata_belanja.csv
C29 FACTORY OUTLET,JL. CIGONDEWAH KIDUL NO. 29,Bandung Kulon,tourism_shopping,-6.929223077212588,107.5649511758082,2021,cleaned_objek_wisata_belanja.csv
PUMA OUTLET,JL. IR. H. JUANDA NO. 119,Coblong,tourism_shopping,-6.891180218316193,107.61247443290858,2021,cleaned_objek_wisata_belanja.csv
FACTORY OUTLET JBA,JL. TERUSAN KIPO KM. 13 NO. 367,Bandung Wetan,tourism_shopping,-7.008748283355581,107.55110083463344,2021,cleaned_objek_wisata_belanja.csv
DEMOSS WISATA BERBELANJA BUAH BATU,JL. BUAH BATU NO. 149,Lengkong,tourism_shopping,-6.9376468884924725,107.6243044953762,2021,cleaned_objek_wisata_belanja.csv
PERAHU JEANS FASHION OUTLET,JL. CIHAMPELAS,Coblong,tourism_shopping,-6.895485724104602,107.6039751223515,2021,cleaned_objek_wisata_belanja.csv
MINIMAL RUMAH MODE,JL. DR. SETIABUDI NO. 41,Sukasari,tourism_shopping,-6.882740667366009,107.59984082444936,2021,cleaned_objek_wisata_belanja.csv
GRANDE FACTORY OUTLET,JL. RAYA PAJAJARAN NO. 76,Bandung Wetan,tourism_shopping,-6.6088744055930615,106.81121596286545,2021,cleaned_objek_wisata_belanja.csv
LEVEL,JL. H. JUANDA NO. 138,Coblong,tourism_shopping,-6.888460102346018,107.61374930585654,2021,cleaned_objek_wisata_belanja.csv
RENARITTI,JL. L. L. R. E. MARTADINATA NO. 26,Bandung Wetan,tourism_shopping,-6.90648632941917,107.61482717791988,2021,cleaned_objek_wisata_belanja.csv
FO WARUNG GAUL,JL. CIHAMPELAS NO. 151,Coblong,tourism_shopping,-6.894176718330846,107.60374123767446,2021,cleaned_objek_wisata_belanja.csv
SCH SULTAN AGUNG,JL. SULTAN AGUNG NO. 3,Bandung Wetan,tourism_shopping,-6.904378931282043,107.61130894064748,2021,cleaned_objek_wisata_belanja.csv
ADIDAS SURAPATI,JL. SURAPATI NO. 61,Coblong,tourism_shopping,-6.898692024208147,107.62106783840336,2021,cleaned_objek_wisata_belanja.csv
VESSEL STORE,JL. TRUNOJOYO NO. 23,Bandung Wetan,tourism_shopping,-6.902742031894454,107.61336197792414,2021,cleaned_objek_wisata_belanja.csv
GUDANG GARMENT JL. JAKARTA,JL. JAKARTA NO.8,Batununggal,tourism_shopping,-6.91438572944012,107.63520305005038,2021,cleaned_objek_wisata_belanja.csv
GUDANG GARMENT,JL. A.H. NASUTION NO. 76,Mandalajati,tourism_shopping,-6.906605074726724,107.68472102006304,2021,cleaned_objek_wisata_belanja.csv
TC7 STORE,JL. TAMAN CEMP. NO.7,Sumur Bandung,tourism_shopping,-6.9130207868256335,107.62744989306988,2021,cleaned_objek_wisata_belanja.csv
HAPPY GO LUCKY,JL. CILIWUNG NO. 14,Bandung Wetan,tourism_shopping,-6.90567882375141,107.62593099015048,2021,cleaned_objek_wisata_belanja.csv
GUDANG GARMENT TOHA,JL. MOH. TOHA NO. 106,Bandung Wetan,tourism_shopping,-6.971742343837079,107.61960208551908,2021,cleaned_objek_wisata_belanja.csv
KING KONG JEANS,JL. CIHAMPELAS NO. 166A,Coblong,tourism_shopping,-6.894632004165648,107.60412478177876,2021,cleaned_objek_wisata_belanja.csv
RABBANI,JL. DIPATIUKUR NO. 44,Coblong,tourism_shopping,-6.895818214015603,107.61694394065174,2021,cleaned_objek_wisata_belanja.csv
ALISHA FANCY SHOP,JL. SALENDRO UTARA NO. 27,Lengkong,tourism_shopping,-6.936511873128551,107.63428053515013,2021,cleaned_objek_wisata_belanja.csv
CROCS,JL. L. LÂ  R. R. MARTADINATA NO. 32,Bandung Wetan,tourism_shopping,-6.903002687983072,107.61621794145404,2021,cleaned_objek_wisata_belanja.csv
NS FACTORY OUTLET,JL. DEWI SARTIKA NO. 65,Regol,tourism_shopping,-6.924286488826419,107.60615434667044,2021,cleaned_objek_wisata_belanja.csv
STOP N SHOP FACTORY OUTLET,JL. INSINYUR H. JUANDA NO. 152,Bandung Wetan,tourism_shopping,-6.903005412818931,107.61029022630493,2021,cleaned_objek_wisata_belanja.csv
SHAFIRA BUAH BATU,JL. BUAH BATU NO. 165 B,Lengkong,tourism_shopping,-6.939793058374583,107.62586564773416,2021,cleaned_objek_wisata_belanja.csv
MR BEAN FACTORY OUTLET,JL. L. L. R. E. MARTADINATA NO. 57,Bandung Wetan,tourism_shopping,-6.905261017213382,107.6158859264125,2021,cleaned_objek_wisata_belanja.csv
CISANGKUY FACTORY OUTLET,JL. CISANGKUY NO. 58,Cibeunying Kaler,tourism_shopping,-6.901020930119488,107.62185007160436,2021,cleaned_objek_wisata_belanja.csv
JETSET FACTORY OUTLET,JL. IR. H. JUANDA NO. 116,Coblong,tourism_shopping,-6.890029154120969,107.61352418187494,2021,cleaned_objek_wisata_belanja.csv
CALAMUS FACTORY OUTLET,JL. L. L. R. E. MARTADINATA NO. 81,Bandung Wetan,tourism_shopping,-6.904687710406517,107.62275614866572,2021,cleaned_objek_wisata_belanja.csv
TOKO DAPUR BUNDA - FACTORY OUTLET,JL. LODAYA NO. 55,Lengkong,tourism_shopping,-6.928306331488237,107.6211102060817,2021,cleaned_objek_wisata_belanja.csv
SPORT STATION TRUNOJOYO,JL. TRUNOJOYO NO.7,Bandung Wetan,tourism_shopping,-6.905101379773093,107.61331287974104,2021,cleaned_objek_wisata_belanja.csv
JOKOWOW FACTORY OUTLET,JL. CIHAMPELAS NO. 174,Sukajadi,tourism_shopping,-6.8778825618941815,107.59653232116888,2021,cleaned_objek_wisata_belanja.csv
GRANDE FASHION & GALLERY,JL. CIHAMPELAS NO.186,Coblong,tourism_shopping,-6.892269287722978,107.60405740746457,2021,cleaned_objek_wisata_belanja.csv
CHERRY FACTORY OUTLET,JL. GEGERKALOOHILIR NO. 18,Sukajadi,tourism_shopping,-6.869472895818815,107.59261891349128,2021,cleaned_objek_wisata_belanja.csv
MIKHAYLA KIDS FACTORY OUTLET BATUSANGKAR,JL. SOEKARNO HATTA NO. 2,Cibiru,tourism_shopping,-6.934082496732506,107.71877241786451,2021,cleaned_objek_wisata_belanja.csv
BARUNI BATIK GALLERY,JL. BUAH BATU NO.87,Lengkong,tourism_shopping,-6.933772489803377,107.6206051128925,2021,cleaned_objek_wisata_belanja.csv
CUCI GUDANG BARANG BRANDED,JL. TAMAN KOPO INDAH I,Bandung Wetan,tourism_shopping,-6.966701958020234,107.57331939325356,2021,cleaned_objek_wisata_belanja.csv
FOJBA FACTOR OUTLET,JL. TERUSAN KOPO,Bandung Wetan,tourism_shopping,-7.007884620293743,107.55094654543056,2021,cleaned_objek_wisata_belanja.csv
JULIEN BIG SIZE,JL. VETERAN NO. 17-B,Sumur Bandung,tourism_shopping,-6.917855446526907,107.61489750674072,2021,cleaned_objek_wisata_belanja.csv
THE SPORTS WAREHOUSE,JL. BRAGA NO. 91,Sumur Bandung,tourism_shopping,-6.916662612507113,107.6091038656638,2021,cleaned_objek_wisata_belanja.csv
BRAND REVOLUTION,JL. IR. H. JUANDA,Coblong,tourism_shopping,-6.891286723690143,107.61358912879248,2021,cleaned_objek_wisata_belanja.csv
BOOM STOCK,JL. CIHAMPELAS NO. 144,Coblong,tourism_shopping,-6.894536944826362,107.60403503222562,2021,cleaned_objek_wisata_belanja.csv
BANDUNG ORIGINAL MERCHANDISE,JL. CIHAMPLES NO. 210,Coblong,tourism_shopping,-6.889212373123292,107.604394396583,2021,cleaned_objek_wisata_belanja.csv
PERSIB MERCHANDISE STORE,JL. SULANJANA NO. 17,Coblong,tourism_shopping,-6.8981591543338645,107.61005918538048,2021,cleaned_objek_wisata_belanja.csv
ELMEIRA HIJAB,JL. PROGO NO. 3,Bandung Wetan,tourism_shopping,-6.90249620083983,107.61705736316036,2021,cleaned_objek_wisata_belanja.csv
TOKO TIGA,JL. JEND. AHMAD YANI,Sumur Bandung,tourism_shopping,-6.91954844923399,107.62110800602044,2021,cleaned_objek_wisata_belanja.csv
TWIG HOUSE,JL. SUKAJADI NO. 127,Sukasari,tourism_shopping,-6.889809921568851,107.59668819521804,2021,cleaned_objek_wisata_belanja.csv
OUTLET@251 - S.OLIVER,JL. RAYA PAJAJARAN NO. 27,Bandung Wetan,tourism_shopping,-6.570326471881416,106.80866969848154,2021,cleaned_objek_wisata_belanja.csv
TOKO SEPATU BATA,JL. RAYA BOJONGSOANG NO. 67,Bandung Wetan,tourism_shopping,-6.980270511895414,107.63344458073256,2021,cleaned_objek_wisata_belanja.csv
TOKO TAS ELIZABETH OTISTA,JL. OTTO ISKANDAR DINATA NO. 520,Astanaanyar,tourism_shopping,-6.930504903131708,107.60327406536368,2021,cleaned_objek_wisata_belanja.csv
UNIVERSAL FOOTWEAR,JL. CIKONENG NO. 46,Bandung Wetan,tourism_shopping,-6.983099913512733,107.64128579399384,2021,cleaned_objek_wisata_belanja.csv
SILIWANGI,JL. JEND. AHMAD YANI 203,Sumur Bandung,tourism_shopping,-6.918466165064204,107.624137627217,2021,cleaned_objek_wisata_belanja.csv
NIRWANA FABRIC OUTLET,JL. HASANUDIN NO. 9,Coblong,tourism_shopping,-6.890690522974218,107.61630191739344,2021,cleaned_objek_wisata_belanja.csv
C59,JL. MERAK NO.2,Coblong,tourism_shopping,-6.897264699602768,107.62038944317688,2021,cleaned_objek_wisata_belanja.csv
THIRD DAY CO,JL. CIHAMPELAS NO. 140,Coblong,tourism_shopping,-6.894473926345713,107.60398860542506,2021,cleaned_objek_wisata_belanja.csv
K2 BUSANA,JL. DEWI SARTIKA NO. 69,Regol,tourism_shopping,-6.923048631574014,107.6055812320262,2021,cleaned_objek_wisata_belanja.csv
WIDELY PROJECT,JL. L. L. R. E. MARTADINATA NO. 107,Bandung Wetan,tourism_shopping,-6.904229021401132,107.62179519715473,2021,cleaned_objek_wisata_belanja.csv
RUMAH BAJU FASHION OUTLET,JL. PURWAKARTA NO. 146,Antapani,tourism_shopping,-6.914314342256234,107.65666443816652,2021,cleaned_objek_wisata_belanja.csv
KENARI FABRIC OUTLET,JL. KENARI NO. 14,Bandung Wetan,tourism_shopping,-6.909063594617352,107.6114076057886,2021,cleaned_objek_wisata_belanja.csv
FACTORY OUTLET HILTON,JL. TERUSAN KOPO KM. 11 NO. 76,Bandung Wetan,tourism_shopping,-6.979701495649215,107.56012411140924,2021,cleaned_objek_wisata_belanja.csv
BARCELONA SPORT,JL. JEND AHMAD YANI NO. 69,Sumur Bandung,tourism_shopping,-6.920599434461862,107.6200880547004,2021,cleaned_objek_wisata_belanja.csv
GRUTTY SEPATU,JL. CIBADUYUT RAYA NO. 66,Bojongloa Kidul,tourism_shopping,-6.95074969533578,107.59352499888868,2021,cleaned_objek_wisata_belanja.csv
TOKO DIANA,JL. CIBADUYUT RAYA NO. 134,Bojongloa Kidul,tourism_shopping,-6.955282248460807,107.59300588875082,2021,cleaned_objek_wisata_belanja.csv
BATIK UNGGUL JAYA,JL. VETERAN NO. 42,Sumur Bandung,tourism_shopping,-6.918646982122094,107.615397375414,2021,cleaned_objek_wisata_belanja.csv
TOKO SEIRA,JL. BARANANG SIANG NO. 75,Sumur Bandung,tourism_shopping,-6.917837496520026,107.61865891144464,2021,cleaned_objek_wisata_belanja.csv
SYMPHONIC/CRUNC/UNFOLDS/STORE,JL. DEWI SARTIKA NO.7A,Regol,tourism_shopping,-6.922618112056233,107.60628267718364,2021,cleaned_objek_wisata_belanja.csv
PLANET FASHION,JL. DEWI SARTIKA NO. 15,Regol,tourism_shopping,-6.923470159127791,107.6064221515738,2021,cleaned_objek_wisata_belanja.csv
MYV FASHION,JL. KOSAR NO. KAV 9,Ujungberung,tourism_shopping,-6.901139390689338,107.6913987803822,2021,cleaned_objek_wisata_belanja.csv
MARYJANE STORE,JL. SULTAN TIRTAYASA NO.15,Bandung Wetan,tourism_shopping,-6.901828702482074,107.6140612049914,2021,cleaned_objek_wisata_belanja.csv
DAUKY FASHION HIJAB PASTEUR,JL. SUKARAJA ISTANA PASTTEUR REGENCY CRA49,Bandung Wetan,tourism_shopping,-6.890443329897997,107.57501695629664,2021,cleaned_objek_wisata_belanja.csv
TRIVIUM CLOTH,JL. LENGKONG BESAR NO. 81B,Lengkong,tourism_shopping,-6.924931041717792,107.61253150162418,2021,cleaned_objek_wisata_belanja.csv
OUVAL RESEARCH BUAH BATU,JL. BUAH BATU NO. 64,Lengkong,tourism_shopping,-6.932529481273305,107.6188677939952,2021,cleaned_objek_wisata_belanja.csv
TOKO ISNA FAJAR,JL. OTTO ISKANDAR DINATA NO. 177,Sumur Bandung,tourism_shopping,-6.919815344306286,107.6042845743056,2021,cleaned_objek_wisata_belanja.csv
BAJUKU BANDUNG,JL. CIPAMUKOLAN NO. 58,Rancasari,tourism_shopping,-6.941638480489701,107.67690030227584,2021,cleaned_objek_wisata_belanja.csv
TOKO PRABU,JL. JENDERAL AHMAD YANINO. 124,Sumur Bandung,tourism_shopping,-6.91983621620014,107.62114001206452,2021,cleaned_objek_wisata_belanja.csv
KAOS POLOS BANDUNG / CEMARA CLOTHING,JL. CEMARA NO. 63,Sukasari,tourism_shopping,-6.8834396127792585,107.5984435950466,2021,cleaned_objek_wisata_belanja.csv
GILDAN BANDUNG,JL. TM. CIBEUNYIN SEL,Bandung Wetan,tourism_shopping,-6.907920493493678,107.6267507288954,2021,cleaned_objek_wisata_belanja.csv
GUDANG JAM BANDUNG,JL. TERNATE NO. 29,Bandung Wetan,tourism_shopping,-6.907119693360329,107.61384598962664,2021,cleaned_objek_wisata_belanja.csv
HURTZINEMEDIA STORE,JL. GUDANG SELATAN NO. 22A,Sumur Bandung,tourism_shopping,-6.916684481646385,107.62079758537884,2021,cleaned_objek_wisata_belanja.csv
POSHBRAIN STUDIO,JL. GUDANG SELATAN NO. 22,Sumur Bandung,tourism_shopping,-6.916895354640224,107.62093414218135,2021,cleaned_objek_wisata_belanja.csv
PABRIK-JEANS.COM,JL. GUDANG UTARA NO. 4,Sumur Bandung,tourism_shopping,-6.915072796311031,107.619781000513,2021,cleaned_objek_wisata_belanja.csv
ZOYA,JL. RUMAH SAKIT NO. 131,Cinambo,tourism_shopping,-6.9276416083992665,107.69463707980417,2021,cleaned_objek_wisata_belanja.csv
BEST CARE,JL. KEMUNING NO. 23,Sumur Bandung,tourism_shopping,-6.915068293165974,107.62815559512087,2021,cleaned_objek_wisata_belanja.csv
THE HALLWAY,KEBON PISANG SUMUR BANDUNG,Sumur Bandung,tourism_shopping,-6.919075875192521,107.62245623565856,2021,cleaned_objek_wisata_belanja.csv
TAMIM 27,JL. TAMIM NO. 27,Andir,tourism_shopping,-6.918076753295115,107.60366566492452,2021,cleaned_objek_wisata_belanja.csv
TOKO GONZO,JL. SETRAINDAH BARAT NO. 2,Sukasari,tourism_shopping,-6.881825610269285,107.58796799025642,2021,cleaned_objek_wisata_belanja.csv
CHIODA SPORTS MARKET,JL. KEJAKSAAN NO. 19,Sumur Bandung,tourism_shopping,-6.917948929441125,107.6109187036164,2021,cleaned_objek_wisata_belanja.csv
D'FASHION TEXTILE & TAILOR,JL. VETEREAN NO. 41,Sumur Bandung,tourism_shopping,-6.919013983643716,107.61613291318216,2021,cleaned_objek_wisata_belanja.csv
DBL STORE BANDUNG,JL. CIHAMPELAS NO. 248,Coblong,tourism_shopping,-6.888047672766455,107.6040661484922,2021,cleaned_objek_wisata_belanja.csv
MONALIZA,JL. L. L. R. E. MARTADINATA NO. 170,Sumur Bandung,tourism_shopping,-6.915064730290696,107.62945156567449,2021,cleaned_objek_wisata_belanja.csv
LAVIE BABY HOURSE,JL. IMAM BONJOL NO. 6,Coblong,tourism_shopping,-6.893926279276422,107.61555055352468,2021,cleaned_objek_wisata_belanja.csv
CAHAYA SPORT,JL. JENDERAL AHMAD YANI NO. 262,Batununggal,tourism_shopping,-6.916215794187197,107.62928961683568,2021,cleaned_objek_wisata_belanja.csv
ELIZABETH CIATEUL,JL. IBU INGGIT GARNASIH NO. 15,Astanaanyar,tourism_shopping,-6.93014594131587,107.60259199537204,2021,cleaned_objek_wisata_belanja.csv
VILOUR PROMO INDONESIA,JL. DIPATI UKUR NO. 76A,Coblong,tourism_shopping,-6.88905259768777,107.61622077448756,2021,cleaned_objek_wisata_belanja.csv
RABBANI KOPO,JL. RAYA KOPO NO. 632,Babakan Ciparay,tourism_shopping,-6.958990728996702,107.5799984107519,2021,cleaned_objek_wisata_belanja.csv
SCREAMOUS SHOPHOUSE,JL. GEUSAN ULUN NO. 01,Bandung Wetan,tourism_shopping,-6.904158617952064,107.61186666876148,2021,cleaned_objek_wisata_belanja.csv
WORMHOLE STORE,JL. BAHUREKSA NO. 27,Bandung Wetan,tourism_shopping,-6.904489908112416,107.61611509084688,2021,cleaned_objek_wisata_belanja.csv
347 STORE,JL. TRUNOJOYO NO. 4,Bandung Wetan,tourism_shopping,-6.905664882299723,107.6130501573672,2021,cleaned_objek_wisata_belanja.csv
RANDOM APPAREL STORE,JL. WASTUKENCANA GG. NANGKASUNI NO. 1,Bandung Wetan,tourism_shopping,-6.905030747265724,107.60714650971684,2021,cleaned_objek_wisata_belanja.csv
HOUSE OF SMITH - BANDUNG SULTAN AGUNG,JL. SULTAN AGUNG NO. 27,Bandung Wetan,tourism_shopping,-6.90360685810929,107.61284753691967,2021,cleaned_objek_wisata_belanja.csv
INSURGENT CLUB'S FLAGSHIP STORE,JL. SULTAN AGUNG NO. 27,Bandung Wetan,tourism_shopping,-6.9037240196200536,107.61290118130078,2021,cleaned_objek_wisata_belanja.csv
BLJK BLACKJACK STORE,JL. TRUNOJOYO NO. 28,Bandung Wetan,tourism_shopping,-6.903737333628094,107.61331155903618,2021,cleaned_objek_wisata_belanja.csv
GEOFF MAX FOOTWEAR,JL. TRUNOJOYO NO. 15,Bandung Wetan,tourism_shopping,-6.904605393186797,107.61297360063118,2021,cleaned_objek_wisata_belanja.csv
BLOODS CONCEPT STORE,JL. SULTAN AGUNG,Bandung Wetan,tourism_shopping,-6.90459474193543,107.61189132941658,2021,cleaned_objek_wisata_belanja.csv
COSMIC CLOTHES,JL. SULTAN AGUNG NO. 7,Bandung Wetan,tourism_shopping,-6.9047288782562655,107.61164356037447,2021,cleaned_objek_wisata_belanja.csv
PAPERSMOOTH,JL. SULTAN AGUNG,Bandung Wetan,tourism_shopping,-6.904835388771824,107.61134583507936,2021,cleaned_objek_wisata_belanja.csv
BLACK ID CLOTHING,JL. SULTAN AGUNG NO. 3C,Bandung Wetan,tourism_shopping,-6.905054566527386,107.61137114851095,2021,cleaned_objek_wisata_belanja.csv
KICK DENIM,JL. SULTAN AGUNG NO.3C,Bandung Wetan,tourism_shopping,-6.904995986046634,107.6113067752027,2021,cleaned_objek_wisata_belanja.csv
EVIL ARMY,JL. SULTAN AGUNG NO. 5,Bandung Wetan,tourism_shopping,-6.904833557618647,107.61151330528364,2021,cleaned_objek_wisata_belanja.csv
POPCULINE,JL. TRUNOJOYO NO. 6,Bandung Wetan,tourism_shopping,-6.905984028336645,107.61308223259783,2021,cleaned_objek_wisata_belanja.csv
FLASHY,JL. DIPATI UKUR NO. 1,Coblong,tourism_shopping,-6.89793599676728,107.61324526167104,2021,cleaned_objek_wisata_belanja.csv
MISCHIEF DENIM STUDIO,JL. L. L. R. E. MARTADINATA NO.70,Bandung Wetan,tourism_shopping,-6.905820604448319,107.62084693460542,2021,cleaned_objek_wisata_belanja.csv
UNITED HART FLAGSHIP STORE,JL. SULTAN TIRTAYASA NO. 30,Bandung Wetan,tourism_shopping,-6.903371652184566,107.6145399913233,2021,cleaned_objek_wisata_belanja.csv
HRCN,JL. SULTAN AGUNG NO. 7,Bandung Wetan,tourism_shopping,-6.9045308308899225,107.6116318276395,2021,cleaned_objek_wisata_belanja.csv
NORDHENBASIC,JL. BAHUREKSA NO. 20,Bandung Wetan,tourism_shopping,-6.9052337986489,107.61511869524249,2021,cleaned_objek_wisata_belanja.csv
VISVAL STORE,JL. BANDA NO. 25,Bandung Wetan,tourism_shopping,-6.904472253617088,107.61636137414592,2021,cleaned_objek_wisata_belanja.csv
MATERNAL DISASTER STORE,JL. WIRA ANGUN NO.4B,Bandung Wetan,tourism_shopping,-6.903375104517433,107.6139903220784,2021,cleaned_objek_wisata_belanja.csv
ROUGHNECK 1991 STORE BANDUNG,JL. BAHUREKSA NO. 5,Bandung Wetan,tourism_shopping,-6.905109984578482,107.61411398024684,2021,cleaned_objek_wisata_belanja.csv
RECLAYS OFFICIAL STORE,JL. TRUNOJOYO NO. 23,Bandung Wetan,tourism_shopping,-6.9027887244490405,107.61342130429122,2021,cleaned_objek_wisata_belanja.csv
CHRONIC ROCK MERCH,JL. SAWAH KURUNG IV,Regol,tourism_shopping,-6.933678469265703,107.61141121599918,2021,cleaned_objek_wisata_belanja.csv
VEARST STORE,JL. GUDANG SELATAN NO. 22B,Sumur Bandung,tourism_shopping,-6.916247110451997,107.6208756769474,2021,cleaned_objek_wisata_belanja.csv
NIION,JL. GUDANG SELATAN NO. 22,Sumur Bandung,tourism_shopping,-6.91694481048164,107.62098092207977,2021,cleaned_objek_wisata_belanja.csv
POT MEETS POP DENIM,JL. BAHUREKSA NO. 20,Bandung Wetan,tourism_shopping,-6.905330705376133,107.61506403558182,2021,cleaned_objek_wisata_belanja.csv
GREENLIGHT FAMO,JL. MARGONDA RAYA NO. 214,Bandung Wetan,tourism_shopping,-6.377594057081619,106.8318638104152,2021,cleaned_objek_wisata_belanja.csv
BLOODS MAINSTORE,JL. SULTAN AGUNG NO. 25,Bandung Wetan,tourism_shopping,-6.9035722962860655,107.61271780537948,2021,cleaned_objek_wisata_belanja.csv
WADEZIG! OFFLINE STORE,JL. TRUNOJOYO NO. 4,Bandung Wetan,tourism_shopping,-6.906095510668606,107.6128968343408,2021,cleaned_objek_wisata_belanja.csv
PROSHOP ORIGINAL,JL. CIGURIANG NO. 9,Regol,tourism_shopping,-6.923268914454585,107.60470570857846,2021,cleaned_objek_wisata_belanja.csv
BLACKID CARTEL,JL. SULTAN AGUNG NO. 3C,Bandung Wetan,tourism_shopping,-6.9049015953116255,107.6112988903352,2021,cleaned_objek_wisata_belanja.csv
PETER SAYS DENIM,JL. CIUMBULEUIT NO. 109,Cidadap,tourism_shopping,-6.878108933028832,107.60345612166869,2021,cleaned_objek_wisata_belanja.csv
GUMMO,JL. SULTAN AGUNG NO. 13,Bandung Wetan,tourism_shopping,-6.9040012516997455,107.6122232067519,2021,cleaned_objek_wisata_belanja.csv
MAYOUTFIT,JL. GEGERKALONG HILIR NO. 9,Sukajadi,tourism_shopping,-6.870430157648429,107.59252785326564,2021,cleaned_objek_wisata_belanja.csv
MAYOUTFIT BUAH BATU,JL. BUAH ATU NO. 222C,Lengkong,tourism_shopping,-6.941252463655147,107.62687080510936,2021,cleaned_objek_wisata_belanja.csv
SHOPATALEEN,JL. GEGERKALONG HILIR NO.9B,Sukajadi,tourism_shopping,-6.870291088284675,107.59257979218016,2021,cleaned_objek_wisata_belanja.csv
BERAK9420,JL. TERUSAN PERINTIS NO. 92,Sukajadi,tourism_shopping,-6.882159496441576,107.57323466406476,2021,cleaned_objek_wisata_belanja.csv
FLAVA,JL. CIHAMPELAS NO. 177,Coblong,tourism_shopping,-6.88828604747268,107.6038524774038,2021,cleaned_objek_wisata_belanja.csv
BRODO FOOTWEAR,JL. LOMBOK NO. 11,Sumur Bandung,tourism_shopping,-6.909969500430918,107.61851969202608,2021,cleaned_objek_wisata_belanja.csv
SAVE MY MONDAY,JL. GUDANG SELATAN NO. 22B,Sumur Bandung,tourism_shopping,-6.916817453757029,107.62086636442068,2021,cleaned_objek_wisata_belanja.csv
DEUS EX MACHINA,JL. GUDANG SELATAN NO. 22,Sumur Bandung,tourism_shopping,-6.915888690059044,107.62097973105207,2021,cleaned_objek_wisata_belanja.csv
MOMS TO BE,JL. SOKA NO. 12,Sumur Bandung,tourism_shopping,-6.915957919635587,107.62678939490397,2021,cleaned_objek_wisata_belanja.csv
CARVIENO,JL. SOKA NO. 22-24,Sumur Bandung,tourism_shopping,-6.91612700020933,107.62756716515044,2021,cleaned_objek_wisata_belanja.csv
SPEEDTUNER INDONESIA,JL. JENDEAL AHMAD YANI NO. 231,Batununggal,tourism_shopping,-6.916579657498894,107.6278514814448,2021,cleaned_objek_wisata_belanja.csv
JAYAGIRI OUTDOORS VANGUARD,JL. TERUSAN BUAH BATU NO. 255,Bandung Kidul,tourism_shopping,-6.9615765294307845,107.63893784925476,2021,cleaned_objek_wisata_belanja.csv
RUBYLICIOUS BANDUNG,JL. KEMUNING NO. 2,Sumur Bandung,tourism_shopping,-6.913961557516845,107.62719113469988,2021,cleaned_objek_wisata_belanja.csv
RUBYLICIOUS WAREHOUSE,JL. PROF DR. SUTAMI NO. 52A,Sukajadi,tourism_shopping,-6.877444243973704,107.58862177705304,2021,cleaned_objek_wisata_belanja.csv
SVGGEST BAGS & GOODS,JL. GUDANG SELATAN NO. 22B,Sumur Bandung,tourism_shopping,-6.916934609456402,107.62083417721792,2021,cleaned_objek_wisata_belanja.csv
POISON STOCKROOM,JL. GUDANG SELATAN NO. 22B,Sumur Bandung,tourism_shopping,-6.916274262157493,107.62098437938543,2021,cleaned_objek_wisata_belanja.csv
RUMAH BATIK KOMAR,JL. SUMBAWA NO. 22,Sumur Bandung,tourism_shopping,-6.913007760333564,107.61715727750644,2021,cleaned_objek_wisata_belanja.csv
BATIK DANAR HADI,JL. L. L. R. E. MARTADINATA NO. 60,Bandung Wetan,tourism_shopping,-6.90580320770528,107.62012181871977,2021,cleaned_objek_wisata_belanja.csv
MANONJAYA BATIK,JL. SUMATERA NO. 17,Sumur Bandung,tourism_shopping,-6.916420456228421,107.6133677125576,2021,cleaned_objek_wisata_belanja.csv
JAKCLOTH STORE BANDUNG,JL. TERUSAN JAKARTA NO.109B,Antapani,tourism_shopping,-6.911955201438932,107.65359440218556,2021,cleaned_objek_wisata_belanja.csv
CALLA THE LABEL,JL. BENGAWAN NO. 45,Bandung Wetan,tourism_shopping,-6.910566654765937,107.6292651470367,2021,cleaned_objek_wisata_belanja.csv
OUR BANDUNG STYLE,JL. DIPATI UKUR NO. 72,Coblong,tourism_shopping,-6.888652771569398,107.61613718066886,2021,cleaned_objek_wisata_belanja.csv
OCLO.OFFICIAL,JL. CARINGIN NO. 235,Babakan Ciparay,tourism_shopping,-6.943014001252724,107.57648889139816,2021,cleaned_objek_wisata_belanja.csv
COSMIC CLOTHING,JL. TRUNOJOYO NO. 4,Bandung Wetan,tourism_shopping,-6.905901079743472,107.61302678110648,2021,cleaned_objek_wisata_belanja.csv
URBAN CLOTH,JL. L. L. R. E. MARTADINATA NO. 57,Bandung Wetan,tourism_shopping,-6.905789046799411,107.6158972865156,2021,cleaned_objek_wisata_belanja.csv
AREI OUTDOOR GEAR CIHAMPELAS,JL. CIHAMPELAS NO. 19,Bandung Wetan,tourism_shopping,-6.905021106384828,107.60423867686636,2021,cleaned_objek_wisata_belanja.csv
RASHAWL,JL. MANGGA NO. 36B,Bandung Wetan,tourism_shopping,-6.911224257382555,107.62879511854456,2021,cleaned_objek_wisata_belanja.csv
MAIMA INDONESIA,JL. RANGGAMALELA NO. 8,Bandung Wetan,tourism_shopping,-6.901180447686171,107.6110571897577,2021,cleaned_objek_wisata_belanja.csv
MAIMA INDONESIA TUBAGUS ISMAIL,JL. TUBAGUS ISMAIL VIII NO. 27,Coblong,tourism_shopping,-6.882992293826276,107.620676961748,2021,cleaned_objek_wisata_belanja.csv
LTHRKRFT,JL. GUDANG SELATAN NO. 22,Sumur Bandung,tourism_shopping,-6.91696610934598,107.62094873453316,2021,cleaned_objek_wisata_belanja.csv
LOZY HIJAB,JL. AMBON NO. 15,Bandung Wetan,tourism_shopping,-6.906722489189735,107.616692972427,2021,cleaned_objek_wisata_belanja.csv
HI JACK SANDALS,JL. DAHLIA NO. 1A,Sumur Bandung,tourism_shopping,-6.912795425390005,107.62769225677133,2021,cleaned_objek_wisata_belanja.csv
ARENA EXPERIENCE,JL. AMBON NO. 9,Bandung Wetan,tourism_shopping,-6.907256820449246,107.6161821953252,2021,cleaned_objek_wisata_belanja.csv
SKATERS CIHAMPELAS,JL. CIHAMPELAS NO. 155,Coblong,tourism_shopping,-6.893796532446485,107.60408036277398,2021,cleaned_objek_wisata_belanja.csv
CARDINAL,JL. CIHAMPELAS NO. 153,Coblong,tourism_shopping,-6.89395824053069,107.60397378356156,2021,cleaned_objek_wisata_belanja.csv
RUSS & CO.STORE,JL. SULTAN AGUNG NO. 27,Bandung Wetan,tourism_shopping,-6.903641474320705,107.61294912547768,2021,cleaned_objek_wisata_belanja.csv
PHILIP WORKS,JL. BAHUREKSA NO. 1,Bandung Wetan,tourism_shopping,-6.9051832111410825,107.61378798633962,2021,cleaned_objek_wisata_belanja.csv
KZL KRIZLIBERATION,JL. MAULANA YUSUF NO. 2,Bandung Wetan,tourism_shopping,-6.901902427254507,107.61363836441538,2021,cleaned_objek_wisata_belanja.csv
NA KAMOE BY NA POCUT MOSLEM STORE,JL. SULTAN TIRTAYASA NO. 16,Bandung Wetan,tourism_shopping,-6.9029278535518905,107.6129823177866,2021,cleaned_objek_wisata_belanja.csv
SILMA ID,JL. CIKUTRA NO. 181,Bandung Wetan,tourism_shopping,-6.892161182194223,107.64293084823062,2021,cleaned_objek_wisata_belanja.csv
APPAREL STORE,JL. SULTAN AGUNG NO. 5,Bandung Wetan,tourism_shopping,-6.904037707147792,107.61135418938628,2021,cleaned_objek_wisata_belanja.csv
BEGAN CLOTHING,JL. TRUNOJOYO NO. 25,Bandung Wetan,tourism_shopping,-6.902188122151149,107.61371903678844,2021,cleaned_objek_wisata_belanja.csv
NOSTRADE ID,JL. SURAPATI NO. 32,Cibeunying Kaler,tourism_shopping,-6.898188097785369,107.62442315410188,2021,cleaned_objek_wisata_belanja.csv
LINOLEUM SHOP,JL. SARIASIH BLOK 3 NO. 21,Sukajadi,tourism_shopping,-6.875871021633933,107.57848726441884,2021,cleaned_objek_wisata_belanja.csv
FEMME OUTFIT,JL. GAMBIR ANOM BUNTU BAWAH 1,Cibeunying Kaler,tourism_shopping,-6.896417336792212,107.62973607694911,2021,cleaned_objek_wisata_belanja.csv
RAWTYPE RIOT,JL. RERENG ADUMANIS NO. 3,Cibeunying Kaler,tourism_shopping,-6.895437429974698,107.63153850807524,2021,cleaned_objek_wisata_belanja.csv
CLO HIJAB BOUTIQUE,JL. RERENG ADUMANIS NO. 6B,Cibeunying Kaler,tourism_shopping,-6.894287097457747,107.63110935329227,2021,cleaned_objek_wisata_belanja.csv
THIRTEEN SPORTS APPAREL,JL. MANTERON NO. 45,Cibeunying Kaler,tourism_shopping,-6.89464924035078,107.62983463825232,2021,cleaned_objek_wisata_belanja.csv
JAMES BOOGIE,JL. GAMBIR SAKETI NO. 44,Cibeunying Kaler,tourism_shopping,-6.895073292455397,107.6293732975656,2021,cleaned_objek_wisata_belanja.csv
ESGOTADO,JL. SIDOMUKTI NO.T-5,Cibeunying Kaler,tourism_shopping,-6.89598663546193,107.6288368558942,2021,cleaned_objek_wisata_belanja.csv
FASSYSTOR HQ,JL. CIGADUNG RAYA TIMUR NO. 64,Cibeunying Kaler,tourism_shopping,-6.888446176727387,107.63012599249306,2021,cleaned_objek_wisata_belanja.csv
MINIMAX APPAREL,JL. BOJONG INDAH NO. 81,Bandung Wetan,tourism_shopping,-6.883087831331106,107.63818368363704,2021,cleaned_objek_wisata_belanja.csv
MAGGOT CLOTHING,JL. SAUYUNAN RAYA NO. 21,Bojongloa Kidul,tourism_shopping,-6.948449362696107,107.58996296670564,2021,cleaned_objek_wisata_belanja.csv
WELLDONE STORE,JL. CIBLUK NO. 4,Bandung Wetan,tourism_shopping,-6.963780759156126,107.60339140542956,2021,cleaned_objek_wisata_belanja.csv
MERCH CONS,JATISARI KEC BUAH BATU,Buahbatu,tourism_shopping,-6.931091663171401,107.6625278191238,2021,cleaned_objek_wisata_belanja.csv
CLOVER CLOTHING,JL. MELONG ASIH NO. 52,Bandung Kulon,tourism_shopping,-6.917763928394692,107.56784240825942,2021,cleaned_objek_wisata_belanja.csv
EPIDEMIC,JL. DEWI SARTIKA NO. 27,Regol,tourism_shopping,-6.923494528439751,107.60636226995514,2021,cleaned_objek_wisata_belanja.csv
CITITEX KARAPITAN BANDUNG,JL. KARAPITAN NO. 137B,Lengkong,tourism_shopping,-6.929826222421613,107.61595790704028,2021,cleaned_objek_wisata_belanja.csv
HAJJAS FASHION,JL. TAMAN PRAMUKA NO. 181,Bandung Wetan,tourism_shopping,-6.910320205409478,107.62766202326584,2021,cleaned_objek_wisata_belanja.csv
KIDDROCK CLOTHING CO.,JL. LENGKONG BESAR NO. 97,Lengkong,tourism_shopping,-6.925875817649589,107.61252784908584,2021,cleaned_objek_wisata_belanja.csv
3SECOND STORE BUAH BATU,JL. BUAH BATU,Lengkong,tourism_shopping,-6.944854920581903,107.63031711633866,2021,cleaned_objek_wisata_belanja.csv
DAUKY,JL. SUKARAJA BLOK CRA NO. 44,Bandung Wetan,tourism_shopping,-6.8901307387641575,107.57302805714424,2021,cleaned_objek_wisata_belanja.csv
CENTRAL JACKET,JL. RAJAWALI TIMUR NO. 1,Andir,tourism_shopping,-6.916206606255811,107.58988790721855,2021,cleaned_objek_wisata_belanja.csv
ORGOGLIO STORE,PERBATASAN JL PALEDANG - MALEBER NO. 166,Bandung Wetan,tourism_shopping,-6.902504785025195,107.57100353765324,2021,cleaned_objek_wisata_belanja.csv
RANGKAS,JL. SUNDA,Lengkong,tourism_shopping,-6.925905284042102,107.61677933827728,2021,cleaned_objek_wisata_belanja.csv
MUSCA INDONESIA,KOMPLEK TULIP PERMAI BLOK 2 NO. 16,Batununggal,tourism_shopping,-6.916323994439619,107.63893539511588,2021,cleaned_objek_wisata_belanja.csv
JAWARA BUIAO STORE,GG KEBONGPISANG,Sumur Bandung,tourism_shopping,-6.916633031760908,107.61910128931544,2021,cleaned_objek_wisata_belanja.csv
MI-YO,JL. SOKA NO. 01,Sumur Bandung,tourism_shopping,-6.9147239522357165,107.62606752573735,2021,cleaned_objek_wisata_belanja.csv
BANDUNG APPARELS,JL.JEND. SUDIRMAN NO. 695,Andir,tourism_shopping,-6.916552655801707,107.57495972786948,2021,cleaned_objek_wisata_belanja.csv
FLICKL CLOTHING,MARGAHAYU UTARA,Babakan Ciparay,tourism_shopping,-6.950258819239871,107.5788841248896,2021,cleaned_objek_wisata_belanja.csv
SAGE BANDUNG,MERDEKA,Sumur Bandung,tourism_shopping,-6.916127645667325,107.62061352151945,2021,cleaned_objek_wisata_belanja.csv
MILOSMILES MINISTORE,JL. SULANJANA NO. 11,Bandung Wetan,tourism_shopping,-6.899733245898273,107.6112075664318,2021,cleaned_objek_wisata_belanja.csv
MAGMA APPAREL,JL. GAMELAN NO. 10,Lengkong,tourism_shopping,-6.9349192653071965,107.63036673236552,2021,cleaned_objek_wisata_belanja.csv
STORE OWNERS WORLDWIDE,JL. PUDAK NO. 11,Sumur Bandung,tourism_shopping,-6.913827248485041,107.6285355237066,2021,cleaned_objek_wisata_belanja.csv
TOKO SUNDA OKEY,JL. JEND. AHMAD YANI NO. 77,Sumur Bandung,tourism_shopping,-6.916997588778527,107.6191727854579,2021,cleaned_objek_wisata_belanja.csv
BROMEDISTRICT STORE,JL. GUDANG SELATAN NO. 22,Sumur Bandung,tourism_shopping,-6.917004230053431,107.62089215395112,2021,cleaned_objek_wisata_belanja.csv
3/4 7 N,JL. TRUNOJOYO NO. 4,Bandung Wetan,tourism_shopping,-6.906181225988295,107.61291577604646,2021,cleaned_objek_wisata_belanja.csv
FLO DISTRO,JL. TRUNOJOYO NO. 6,Bandung Wetan,tourism_shopping,-6.90597885658496,107.61306597962673,2021,cleaned_objek_wisata_belanja.csv
BEUTIK COMPANY,JL. JAWA NO.4,Sumur Bandung,tourism_shopping,-6.9152776911481055,107.61683646846664,2021,cleaned_objek_wisata_belanja.csv
DSVN SHOP,BLOK O JL. TAMAN KOPO INDAH I NO. 27,Bandung Wetan,tourism_shopping,-6.965416438291629,107.57035419678864,2021,cleaned_objek_wisata_belanja.csv
LIFE CLOTHING,RUKO LINGGAHARA D-13 JL. SADANG,Bandung Wetan,tourism_shopping,-6.962732725481735,107.5695387840497,2021,cleaned_objek_wisata_belanja.csv
DNA CLOTHING STORE,JL. KUBANG UTARA 2 NO. 6D,Coblong,tourism_shopping,-6.885903756232404,107.6174096475972,2021,cleaned_objek_wisata_belanja.csv
SHUDAMI,JL. VIJAYAKUSUMA II NO. 19,Sumur Bandung,tourism_shopping,-6.915072796311031,107.619781000513,2021,cleaned_objek_wisata_belanja.csv
INFLAME REBORN OFFLINE STORE,JL. LENGKONG BESAR NO. 81B,Lengkong,tourism_shopping,-6.92538810311176,107.61251772142114,2021,cleaned_objek_wisata_belanja.csv
MYPRIDE FS&CO. HQ,JL. GUDANG SELATAN NO. 22,Sumur Bandung,tourism_shopping,-6.91665539867841,107.62084666413864,2021,cleaned_objek_wisata_belanja.csv
JON-GEN STORE,JL. JEND. AHMAD YANI NO. 247,Bandung Wetan,tourism_shopping,-6.914855277740896,107.63043009311998,2021,cleaned_objek_wisata_belanja.csv
P-CLOTHES STORE BANDUNG,JL. KAWALUYAAN INDAH I NO. 37,Buahbatu,tourism_shopping,-6.933386612862018,107.6593540111671,2021,cleaned_objek_wisata_belanja.csv
CLASSICONESIA,JL. GUDANG SELATAN NO. 22,Sumur Bandung,tourism_shopping,-6.91576833490871,107.62097901040389,2021,cleaned_objek_wisata_belanja.csv
BADHABIT HQ,JL. GUDANG SELATAN NO. 22,Sumur Bandung,tourism_shopping,-6.917095231405648,107.6209633024036,2021,cleaned_objek_wisata_belanja.csv
REVATI INDONESIA,JL. GUDANG SELATAN NO. 88,Sumur Bandung,tourism_shopping,-6.916167274209776,107.61958692291358,2021,cleaned_objek_wisata_belanja.csv
PORTEE GOODS,JL. GUDANG SELATAN NO. 22,Sumur Bandung,tourism_shopping,-6.916827758016169,107.62059421698063,2021,cleaned_objek_wisata_belanja.csv
PICK AND CHOOSE HQ,JL. GUDANG SELATAN NO. 22B,Sumur Bandung,tourism_shopping,-6.916947108642474,107.62080908899598,2021,cleaned_objek_wisata_belanja.csv
PANTJA BUANA KARYA ANAK NAGARI,JL. BABAKAN IRIGASELATAN NO. 19,Bojongloa Kaler,tourism_shopping,-6.928636705768225,107.59144046340226,2021,cleaned_objek_wisata_belanja.csv
ATTITUDE ORIGINAL OFFICE,JL. CIGURIANG NO. 17,Regol,tourism_shopping,-6.923996506259132,107.60465133280562,2021,cleaned_objek_wisata_belanja.csv
ST KNITS,JL. SOKA NO. 24,Sumur Bandung,tourism_shopping,-6.915768461625117,107.6276373746391,2021,cleaned_objek_wisata_belanja.csv
GRIMLOC STORE,JL. KARTINI NO. 21,Sumur Bandung,tourism_shopping,-6.91775719841186,107.61563940612427,2021,cleaned_objek_wisata_belanja.csv
REDEL OUTFIT,JL. GEGERKALONG TONGGOH I NO. 20,Sukajadi,tourism_shopping,-6.864356810595863,107.58015703797696,2021,cleaned_objek_wisata_belanja.csv
RIDERS AND RULES,JL. BENGAWAN NO. 45,Bandung Wetan,tourism_shopping,-6.910495200259682,107.62920356487072,2021,cleaned_objek_wisata_belanja.csv
KAULA INDONESIA,JL. GUDANG SELATAN NO. 22,Sumur Bandung,tourism_shopping,-6.916630195316314,107.62090590169946,2021,cleaned_objek_wisata_belanja.csv
GALERI IVA,JL. DEDERUK NO. 6,Coblong,tourism_shopping,-6.898005974802493,107.62085494793784,2021,cleaned_objek_wisata_belanja.csv
TORCH SHOWROOM,JL. LASWI NO. 1M,Batununggal,tourism_shopping,-6.916343592260752,107.63072728304569,2021,cleaned_objek_wisata_belanja.csv
AND-ALIVE APPAREL,KOMPLEKS BOUGENVILLE BLOK A 14 JL. PURWAKARTA,Antapani,tourism_shopping,-6.915409914036276,107.65391235518888,2021,cleaned_objek_wisata_belanja.csv
TRIPLE A TECHNICAL APPAREL,JL. KADIPATEN 4 NO. 7,Antapani,tourism_shopping,-6.9173271168021655,107.65605806706807,2021,cleaned_objek_wisata_belanja.csv
HAMMERSTOUT FLAGSHIP STORE,JL. SARI INDAH RAYA NO. 19,Kiaracondong,tourism_shopping,-6.921331810435873,107.6539981379118,2021,cleaned_objek_wisata_belanja.csv
PRIDE N JOY,JL. JENDERAL AHMAD YANI NO. 821,Cibeunying Kidul,tourism_shopping,-6.904411758101002,107.65062598876844,2021,cleaned_objek_wisata_belanja.csv
ALLVANE SPORTS APPAREL,JL. SULAKSANA BARU I NO. 7,Cibeunying Kidul,tourism_shopping,-6.904748136418572,107.64983121298874,2021,cleaned_objek_wisata_belanja.csv
HEFABI APPAREL STORE AND BLACKHAWK PANTS SHOP,JL. SUKAPURA NO. 12,Kiaracondong,tourism_shopping,-6.926020516571461,107.65097179659551,2021,cleaned_objek_wisata_belanja.csv
JAVA JONES APPAREL,JL. IR. H. JUANDA NO. 364,Coblong,tourism_shopping,-6.873081367483839,107.61746305530178,2021,cleaned_objek_wisata_belanja.csv
WEHAVEFAN CYCLING APPAREL,JL. CIGADUNG SELATAN NO. 80B,Cibeunying Kaler,tourism_shopping,-6.880655969117218,107.625843756469,2021,cleaned_objek_wisata_belanja.csv
KABOA APPAREL,JL. IMAM BONJOL NO. 48,Coblong,tourism_shopping,-6.888803224619253,107.6150610484772,2021,cleaned_objek_wisata_belanja.csv
FREE N STYLE,JL. DIPATIUKUR NO. 57,Coblong,tourism_shopping,-6.890514206050117,107.61653993240158,2021,cleaned_objek_wisata_belanja.csv
BLACKSHOES,JL. DIPATIUKUR NO. 66,Coblong,tourism_shopping,-6.890860375124786,107.61721584950384,2021,cleaned_objek_wisata_belanja.csv
WHITE SHER,JL. DIAPTIUKUR NO. 68D,Coblong,tourism_shopping,-6.890471601886559,107.6169047126831,2021,cleaned_objek_wisata_belanja.csv
F.A.U.S.T.,JL. DIPATIUKUR NO. 49B,Coblong,tourism_shopping,-6.891049104359702,107.61698652084404,2021,cleaned_objek_wisata_belanja.csv
YOUTHLAND,JL. DIPATIUKUR NO. 68,Coblong,tourism_shopping,-6.890417346776556,107.61689155358928,2021,cleaned_objek_wisata_belanja.csv
DUSKYSTORE,JL. DIAPTIUKUR NO. 72,Coblong,tourism_shopping,-6.889496002081354,107.61632233959162,2021,cleaned_objek_wisata_belanja.csv
