kecamatan,nama_taman,luas,type
ANDIR,TAMAN BABATAN,18307.21,city_park
ANDIR,LAPANG ELANG,10306,city_park
ANDIR,JALUR SUDIRMAN,3158.02,city_park
ANDIR,JALUR GARUDA TIMUR,2968.13,city_park
ANDIR,JALUR GARUDA BARAT,2405,city_park
ANDIR,TAMAN CIMINDI,1557.21,city_park
ANDIR,JALUR ELANG,1395.67,city_park
ANDIR,TAMAN YAPLUN,1184.96,city_park
ANDIR,TPJ SUDIRMAN - RAJAWALI,825.54,city_park
ANDIR,BUNDERAN SUDIRMAN,735,city_park
ANDIR,TAMAN SUDUT RAJAWALI,666.35,city_park
ANDIR,TAMAN RAJAWALI/ARJUNA,376,city_park
ANDIR,TAMAN RW. BELAKANG KANTOR,210,city_park
ANDIR,TAMAN WARINGIN,198.1,city_park
ANDIR,BAK BUNGA ANDIR II,180,city_park
ANDIR,TAMAN RW. 09,130,city_park
ANDIR,TAMAN RW. 04,110,city_park
ANDIR,BAK BUNGA ANDIR I,104.99,city_park
ANTAPANI,TAMAN BOUGENVILLE,4746,city_park
ANTAPANI,TAMAN BATU TULIS,2614,city_park
ANTAPANI,TAMAN SUBANG BLOK 5,1826,city_park
ANTAPANI,TAMAN PURWAKARTA-KADIPATEN,1563,city_park
ANTAPANI,TAMAN LARANTUKA,1492,city_park
ANTAPANI,TAMAN KARANG ASEM,1438,city_park
ANTAPANI,TAMAN JATIWANGI,1256,city_park
ANTAPANI,TAMAN JAYAPURA,1104,city_park
ANTAPANI,TAMAN BATU WANGI-SINDANG KASIH,1098,city_park
ANTAPANI,TAMAN PURWOREJO,1010,city_park
ANTAPANI,TAMAN RENGASDENGLOK,988,city_park
ANTAPANI,TAMAN PEKALONGAN,969,city_park
ANTAPANI,TAMAN JALUR PRATISTA UTAMA,889,city_park
ANTAPANI,TAMAN KADIPATEN-CICALENGKA,887,city_park
ANTAPANI,TAMAN ATAMBUA,664,city_park
ANTAPANI,TAMAN CIKAMPEK,624,city_park
ANTAPANI,TAMAN SRAGEN-KLATEN,489,city_park
ANTAPANI,TAMAN TERUSAN JALAN JAKARTA,343,city_park
ANTAPANI,TAMAN KUNINGAN BLOK 20,252,city_park
ANTAPANI,TAMAN JATIWANGI BLOK 26,237,city_park
ANTAPANI,TAMAN KADIPATEN BLOK 12,237,city_park
ANTAPANI,TAMAN PRANAYA 2,170,city_park
ANTAPANI,TAMAN PRATISTA BARAT II,113,city_park
ANTAPANI,TAMAN BLOK D-39,104.32,city_park
ANTAPANI,TAMAN PRANAYA 1,89,city_park
ANTAPANI,TAMAN PRATISTA BARAT I,51,city_park
ANTAPANI,TAMAN GERBANG PRANAYA,49.23,city_park
ANTAPANI,TAMAN PRATISTA RAYA,34.89,city_park
ARCAMANIK,TAMAN LAPANGAN PACUAN KUDA,665000,city_park
ARCAMANIK,TAMAN SKI AIR,7139.78,city_park
ARCAMANIK,TAMAN TERBANG LAYANG I,1338,city_park
ARCAMANIK,TAMAN GOLF BARAT XIII,940,city_park
ARCAMANIK,TAMAN GOLF BARAT 2 A,839.91,city_park
ARCAMANIK,TAMAN AEROMODELING,816,city_park
ARCAMANIK,TAMAN ARCAMANIK III,810.05,city_park
ARCAMANIK,TAMAN ARCAMANIK II,740.33,city_park
ARCAMANIK,TAMAN BOWLING,732.12,city_park
ARCAMANIK,TAMAN ARCAMANIK IV,660,city_park
ARCAMANIK,TAMAN ARCAMANIK V,616,city_park
ARCAMANIK,TAMAN ARCAMANIK XVIII,599.61,city_park
ARCAMANIK,TAMAN HOCKY,442,city_park
ARCAMANIK,TAMAN ARCAMANIK VII,440.06,city_park
ARCAMANIK,TAMAN TAEKONDO-KEMPO,396,city_park
ARCAMANIK,TAMAN TENIS,390,city_park
ARCAMANIK,TAMAN TERBANG LAYANG II,375.46,city_park
ARCAMANIK,TAMAN ARCAMANIK I,374,city_park
ARCAMANIK,TAMAN AEROMODELING IV,338,city_park
ARCAMANIK,TAMAN POLO AIR,328.32,city_park
ARCAMANIK,TAMAN GOLF BARAT 2 C,325,city_park
ARCAMANIK,TAMAN ICE SKATING I,325,city_park
ARCAMANIK,TAMAN DIRGANTARA,321.22,city_park
ARCAMANIK,TAMAN DIRGANTARA,315,city_park
ARCAMANIK,TAMAN ICE SKATING I,312,city_park
ARCAMANIK,TAMAN SUDUT ARCAMANIK,286.44,city_park
ARCAMANIK,TAMAN BALON UDARA,242,city_park
ARCAMANIK,TAMAN GOLF BARAT 2 B,212,city_park
ARCAMANIK,TAMAN TERJUN TENDOM,208,city_park
ARCAMANIK,TAMAN RW JL. CICUKANG KEL. CISARANTEN BINA HARAPAN,200,city_park
ARCAMANIK,TAMAN GANTOLE,192.89,city_park
ARCAMANIK,TAMAN AEROMODELING III,185,city_park
ARCAMANIK,TAMAN RW. 09 KOMP. GURUMINDA KEL. CISARANTEN KULON,170,city_park
ARCAMANIK,TAMAN GANTOLE-DIRGANTARA,75,city_park
ARCAMANIK,TAMAN BULU TANGKIS,69,city_park
ASTANAANYAR,TAMAN BABAKAN SUKAMAJU,7907.35,city_park
ASTANAANYAR,TAMAN PAJAGALAN II,746.9,city_park
ASTANAANYAR,TAMAN INHOFTANK,112.77,city_park
ASTANAANYAR,TAMAN RW.05 KEL. NYENGSERET,80,city_park
ASTANAANYAR,TAMAN ASTANA ANYAR,56.89,city_park
ASTANAANYAR,TAMAN PAJAGALAN I,49.7,city_park
ASTANAANYAR,TAMAN RW.04 KEL. NYENGSERET,40,city_park
BABAKAN CIPARAY,TAMAN LINGKUNGAN PERUMAHAN SUMBER SARI,2973,city_park
BABAKAN CIPARAY,TAMAN RW.04 KEL. SUKAHAJI,70,city_park
BABAKAN CIPARAY,TAMAN CARINGIN,63,city_park
BANDUNG KIDUL,TAMAN 5,4855,city_park
BANDUNG KIDUL,TAMAN 3,3720,city_park
BANDUNG KIDUL,TAMAN GADING 9,2795,city_park
BANDUNG KIDUL,TAMAN 2,1794,city_park
BANDUNG KIDUL,TAMAN 1,1646,city_park
BANDUNG KIDUL,TAMAN GADING 7,1182,city_park
BANDUNG KIDUL,TAMAN GADING 3,1165,city_park
BANDUNG KIDUL,TAMAN SANGGAR HURIP 5,845,city_park
BANDUNG KIDUL,TAMAN GADING 10,810,city_park
BANDUNG KIDUL,TAMAN SANGGAR HURIP 4,691,city_park
BANDUNG KIDUL,TAMAN GADING 2,621,city_park
BANDUNG KIDUL,TAMAN 4,617,city_park
BANDUNG KIDUL,TAMAN GADING 8,595,city_park
BANDUNG KIDUL,TAMAN SANGGAR HURIP 3,565,city_park
BANDUNG KIDUL,TAMAN BATU PERMATA,530,city_park
BANDUNG KIDUL,TAMAN SANGGAR HURIP 6,480,city_park
BANDUNG KIDUL,TAMAN SANGGAR HURIP 2,452,city_park
BANDUNG KIDUL,TAMAN GADING 4,436,city_park
BANDUNG KIDUL,TAMAN GADING 1,416,city_park
BANDUNG KIDUL,TAMAN GADING 11,376,city_park
BANDUNG KIDUL,TAMAN SANGGAR HURIP 1,330,city_park
BANDUNG KIDUL,TAMAN GADING 5,235,city_park
BANDUNG KIDUL,TAMAN GADING 6,214,city_park
BANDUNG KIDUL,PULAU JALAN SAMSAT,124,city_park
BANDUNG KIDUL,TAMAN PANDAN WANGI,70,city_park
BANDUNG KIDUL,TAMAN H. BARDAN,32,city_park
BANDUNG KIDUL,TAMAN GADING 12,25,city_park
BANDUNG KULON,TAMAN LINGKUNGAN PERUMNAS CIJERAH I,4794,city_park
BANDUNG KULON,TAMAN LINGKUNGAN PERUMNAS CIBUNTU,1370,city_park
BANDUNG KULON,TAMAN LINGKUNGAN PERUMAHAN SADANG,545.23,city_park
BANDUNG KULON,TAMAN RW.04 KEL. CARINGIN,210,city_park
BANDUNG KULON,TAMAN RW.05 KEL. CARINGIN,170,city_park
BANDUNG WETAN,STADION SILIWANGI,60576.87,city_park
BANDUNG WETAN,TAMAN LALU LINTAS,45600.87,city_park
BANDUNG WETAN,GOR SAPARUA,44300,city_park
BANDUNG WETAN,LAPANG GASIBU,25962,city_park
BANDUNG WETAN,TAMAN CILAKI ATAS,16620,city_park
BANDUNG WETAN,TAMAN GEDUNG SATE,16605,city_park
BANDUNG WETAN,TAMAN KODYA,13965.89,city_park
BANDUNG WETAN,TAMAN PRAMUKA,13845.34,city_park
BANDUNG WETAN,TAMAN CILAKI BAWAH I DAN II,9753,city_park
BANDUNG WETAN,TAMAN SERAM,9511.23,city_park
BANDUNG WETAN,LAPANG SUPRATMAN,9072.75,city_park
BANDUNG WETAN,TAMAN CILAKI TENGAH,6487,city_park
BANDUNG WETAN,JALUR PRABUDIMUNTUR/SURAPATI,3600,city_park
BANDUNG WETAN,TAMAN PKK,2893.7,city_park
BANDUNG WETAN,TAMAN MANGGA,2850,city_park
BANDUNG WETAN,TAMAN CIUNGWANARA,1943,city_park
BANDUNG WETAN,JALUR HIJAU CIKAPAYANG,1800,city_park
BANDUNG WETAN,TAMAN CEMPAKA (TAMAN FOTOGRAFI),1785,city_park
BANDUNG WETAN,TAMAN LAPANG SALAM,1685,city_park
BANDUNG WETAN,TAMAN PASUPATI,1539,city_park
BANDUNG WETAN,TAMAN DR. SLAMET,1521.7,city_park
BANDUNG WETAN,TAMAN ANGGREK/BENGAWAN (TAMAN SUPER HERO),1425,city_park
BANDUNG WETAN,TAMAN GEMPOL,1245.5,city_park
BANDUNG WETAN,TAMAN CITARUM,1102.67,city_park
BANDUNG WETAN,JALUR HIJAU JALAN CILIWUNG,936,city_park
BANDUNG WETAN,TAMAN RANGGA MALELA,920.9,city_park
BANDUNG WETAN,TAMAN WIRA ANGUN-ANGUN,918,city_park
BANDUNG WETAN,JALUR HIJAU TAMANSARI,908.1,city_park
BANDUNG WETAN,TAMAN CILAKI,893.5,city_park
BANDUNG WETAN,TAMAN TRUNOJOYO,850.56,city_park
BANDUNG WETAN,TAMAN CIKAPAYANG/BADAK SINGA,846.34,city_park
BANDUNG WETAN,TAMAN GAJAH LUMANTUNG,807.05,city_park
BANDUNG WETAN,TAMAN NYLAND,783.75,city_park
BANDUNG WETAN,TAMAN RASAMALA,756.99,city_park
BANDUNG WETAN,TAMAN JL. DIPONEGORO - JL. TRUNOJOYO,709.18,city_park
BANDUNG WETAN,TAMAN CIBEUNYING BANK NISP,688.25,city_park
BANDUNG WETAN,TAMAN CIPUNAGARA,688,city_park
BANDUNG WETAN,TAMAN CIBEUNYING PARK,488.25,city_park
BANDUNG WETAN,JALUR HIJAU JALAN CITARUM,436.66,city_park
BANDUNG WETAN,TAMAN CENDANA,392.47,city_park
BANDUNG WETAN,TAMAN SKANDA/GANESHA,312.8,city_park
BANDUNG WETAN,TAMAN SKATE PARK,300,city_park
BANDUNG WETAN,TAMAN WASTUKANCANA/TAMANSARI,280,city_park
BANDUNG WETAN,TAMAN DKK SUPRATMAN,264.5,city_park
BANDUNG WETAN,BAK BUNGA NANGKASUNI,247,city_park
BANDUNG WETAN,TAMAN DEPAN GALERIA BIP SUMATERA/SULAWESI,200.9,city_park
BANDUNG WETAN,TAMAN PROGO,172,city_park
BANDUNG WETAN,TAMAN WASKA/PURNAWARMAN (TEXAS),144.9,city_park
BANDUNG WETAN,TAMAN WASKA PANGLIMA,137.4,city_park
BANDUNG WETAN,PULAU JALAN BALUBUR,131.6,city_park
BANDUNG WETAN,TAMAN WASKA/PAJAJARAN (MACAN),127.5,city_park
BANDUNG WETAN,PULAU JALAN TAMANSARI/UNISBA,127.1,city_park
BANDUNG WETAN,TAMAN BALUBUR/TAMANSARI,117.3,city_park
BANDUNG WETAN,TAMAN WASKA/TAMANSARI,81.49,city_park
BANDUNG WETAN,TAMAN SALAM PUSKESMAS,63.5,city_park
BANDUNG WETAN,PULAU JALAN SENTOT,16.04,city_park
BANDUNG WETAN,TAMAN FILM,-,city_park
BANDUNG WETAN,TAMAN MALUKU,24023.24,city_park
BATUNUNGGAL,STADION PERSIB,23005.05,city_park
BATUNUNGGAL,TAMAN ANYER,2814,city_park
BATUNUNGGAL,TAMAN KEBON WARU I,1901.2,city_park
BATUNUNGGAL,TAMAN SALENDRO TIMUR,472,city_park
BATUNUNGGAL,TAMAN PULAU JALAN GATOT SUBROTO/LASWI,428.4,city_park
BATUNUNGGAL,TAMAN PULAU JALAN LASWI,234.4,city_park
BATUNUNGGAL,TAMAN KEBON WARU II,234.2,city_park
BATUNUNGGAL,BAK BUNGA GATOT SUBROTO/LASWI,84.6,city_park
BOJONGLOA KALER,JALUR HIJAU PETA,2464.46,city_park
BOJONGLOA KALER,TAMAN KOPO KENCANA,1249.7,city_park
BOJONGLOA KALER,TAMAN TRITISAN KENCANA,956,city_park
BOJONGLOA KALER,TAMAN RUKO KENCANA,876.82,city_park
BOJONGLOA KALER,TAMAN LINGKAR SELATAN/PASIRKOJA,852.25,city_park
BOJONGLOA KALER,JALUR HIJAU JAMIKA,820,city_park
BOJONGLOA KALER,TAMAN BABAKAN TAROGONG,616,city_park
BOJONGLOA KALER,TAMAN PAYUNG KENCANA,605,city_park
BOJONGLOA KALER,TAMAN PASEBAN/KENCANA TIMUR,418,city_park
BOJONGLOA KALER,TAMAN SUDIRMAN/JAMIKA,286.6,city_park
BOJONGLOA KALER,TAMAN PAGARSIH/JAMIKA,151,city_park
BOJONGLOA KALER,JALUR HIJAU UNDAK KENCANA,84,city_park
BOJONGLOA KALER,TAMAN RW.04 KEL. KOPO,80,city_park
BOJONGLOA KALER,TAMAN BOJONGLOA / TUKANG RAMPE,68,city_park
BOJONGLOA KALER,TAMAN BABAKAN CIPARAY,35,city_park
BOJONGLOA KALER,TAMAN TITISAN KENCANA,16,city_park
BOJONGLOA KIDUL,TAMAN CIBADUYUT/SOEKARNO HATTA,182.5,city_park
BOJONGLOA KIDUL,TAMAN RW.02 KOMP. CIBADUYUT PERMAI,150,city_park
BOJONGLOA KIDUL,TAMAN KOPO/ SOEKARNO HATTA,148,city_park
BOJONGLOA KIDUL,TAMAN LINGKAR SELATAN/KOPO,128,city_park
BOJONGLOA KIDUL,TAMAN JL. MUARA SARI RW. 11 KEL. KEBONLEGA,100,city_park
BOJONGLOA KIDUL,TAMAN LEUWIPANJANG/LINGKAR SELATAN,90.7,city_park
BUAHBATU,TAMAN BLOK K,3879,city_park
BUAHBATU,TAMAN BLOK Q A,1637,city_park
BUAHBATU,TAMAN BLOK E II,1539,city_park
BUAHBATU,TAMAN BLOK A DAN B,1499,city_park
BUAHBATU,TAMAN BLOK P,1486,city_park
BUAHBATU,TAMAN BLOK Y A,1182,city_park
BUAHBATU,TAMAN RANCABOLANG,1175,city_park
BUAHBATU,TAMAN BLOK R A,1010.22,city_park
BUAHBATU,TAMAN BLOK W,980,city_park
BUAHBATU,TAMAN BLOK D II C,948,city_park
BUAHBATU,TAMAN BLOK R/O,938.55,city_park
BUAHBATU,TAMAN BLOK D II I,902,city_park
BUAHBATU,TAMAN BLOK B B,900,city_park
BUAHBATU,TAMAN BLOK P C,800,city_park
BUAHBATU,TAMAN BLOK S A,706.46,city_park
BUAHBATU,TAMAN BLOK S B,680,city_park
BUAHBATU,TAMAN BLOK D II A,670,city_park
BUAHBATU,TAMAN BLOK D II D,649,city_park
BUAHBATU,TAMAN BLOK Q B,648,city_park
BUAHBATU,TAMAN BLOK N,600,city_park
BUAHBATU,TAMAN SARINAH BLOK G,476,city_park
BUAHBATU,TAMAN BLOK Z A,460,city_park
BUAHBATU,TAMAN BLOK D II J,456,city_park
BUAHBATU,TAMAN BLOK D II G,437,city_park
BUAHBATU,TAMAN BLOK D II H,413,city_park
BUAHBATU,TAMAN BLOK Q C,408,city_park
BUAHBATU,TAMAN BLOK P A,376.49,city_park
BUAHBATU,TAMAN BLOK B A,349,city_park
BUAHBATU,TAMAN BLOK R B,320.64,city_park
BUAHBATU,TAMAN BLOK P B,298.11,city_park
BUAHBATU,TAMAN BLOK U,236,city_park
BUAHBATU,TAMAN BLOK D II F,190,city_park
BUAHBATU,TAMAN DI JL. BUNGA BAKUNG RW. 07,150,city_park
BUAHBATU,TAMAN BLOK O,147.23,city_park
BUAHBATU,TAMAN JUPITER UTAMA,92,city_park
BUAHBATU,TAMAN BLOK D II E,80,city_park
BUAHBATU,TAMAN BLOK D II B,60,city_park
CIBEUNYING KALER,LAPANG TIKUKUR,12500,city_park
CIBEUNYING KALER,LAPANGAN OLAHRAGA,5878,city_park
CIBEUNYING KALER,JALUR PAHLAWAN,3000,city_park
CIBEUNYING KALER,TAMAN KOMPLEK VILLA ASRI,1978.43,city_park
CIBEUNYING KALER,TAMAN LOMBOK,1713.5,city_park
CIBEUNYING KALER,TAMAN SIDOLUHUR,1425,city_park
CIBEUNYING KALER,TAMAN SURAPATI,1350,city_park
CIBEUNYING KALER,TAMAN BATIK TIGA NEGRI,1246.25,city_park
CIBEUNYING KALER,TAMAN MERAK,1021,city_park
CIBEUNYING KALER,TAMAN RW.02 KEL. NEGLASARI,220,city_park
CIBEUNYING KALER,TAMAN TITIRAN,210,city_park
CIBEUNYING KALER,TAMAN SUPRATMAN/WARGA,175,city_park
CIBEUNYING KALER,TAMAN SUDUT SUCI,116,city_park
CIBIRU,TAMAN JALUR CIBIRU,3312,city_park
CIBIRU,TAMAN PULAU JALAN CIBIRU III,1965,city_park
CIBIRU,TAMAN PULAU JALAN CIBIRU II,1438,city_park
CIBIRU,TAMAN PULAU JALAN CIBIRU V,693,city_park
CIBIRU,TAMAN PULAU JALAN CIBIRU I,676,city_park
CIBIRU,TAMAN PULAU JALAN CIBIRU IV,325,city_park
CIBIRU,TAMAN RW.03 KEL. CISURUPAN,140,city_park
CIBIRU,TAMAN RW.05 KEL. PALASARI,120,city_park
CICENDO,TAMAN GOR PADJADJARAN,5745.07,city_park
CICENDO,TAMAN LAPANGAN OLAH RAGA MAHMUD,5330,city_park
CICENDO,LAPANGAN JATAYU,4666.5,city_park
CICENDO,LAP. KEMBAR EMPAT,4488,city_park
CICENDO,TAMAN PENDAWA,3861.74,city_park
CICENDO,TAMAN DR. OTTEN 1,3171.08,city_park
CICENDO,TAMAN DR. HATTA,2808.07,city_park
CICENDO,TAMAN ABD. RACHMAN SALEH,1959.06,city_park
CICENDO,TAMAN ADIPURA,1865.3,city_park
CICENDO,TAMAN LESMANA,1844,city_park
CICENDO,TAMAN DR. CIPTO,1709.18,city_park
CICENDO,TAMAN MONUMEN KTT NON BLOK,1526.73,city_park
CICENDO,TAMAN PANDU GEREJA,988,city_park
CICENDO,TAMAN CURIE,974.04,city_park
CICENDO,TAMAN DR. RAJIMAN,895.5,city_park
CICENDO,TAMAN SUPADIO I,858.75,city_park
CICENDO,TAMAN ABDUL RIVA'I,671.7,city_park
CICENDO,TAMAN NURTANIO (JALUR),567.75,city_park
CICENDO,TAMAN BIMA,555,city_park
CICENDO,TAMAN PATUNG HUSEIN,518.25,city_park
CICENDO,TAMAN BROUNSWEIGH,490.25,city_park
CICENDO,TAMAN SUPADIO II,431.5,city_park
CICENDO,TAMAN ERLIGH,391,city_park
CICENDO,TAMAN SUDUT KEBON KAWUNG/PASIRKALIKI,362.7,city_park
CICENDO,TAMAN ARJUNA/PENDAWA,341.4,city_park
CICENDO,TAMAN BUNDERAN ARJUNA,225,city_park
CICENDO,PULAU JALAN WESTHCOOP I,183.06,city_park
CICENDO,PULAU JALAN WESTHCOOP II,137.5,city_park
CICENDO,TAMAN BIMA/KRESNA,117.45,city_park
CICENDO,TAMAN PANDU/PADJADJARAN,82.25,city_park
CICENDO,TAMAN DR. OTTEN 2,58,city_park
CIDADAP,TAMAN CIUMBULEUIT 2 (TAMAN KOLAM),5120,city_park
CIDADAP,TAMAN RANCABENTANG,2198.98,city_park
CIDADAP,TAMAN HEGARMANAH LAPANG VOLLI,1576,city_park
CIDADAP,TAMAN HEGARMANAH TUGU,587.6,city_park
CIDADAP,TAMAN SANIROSA,135,city_park
CIDADAP,TAMAN CIUMBULEUIT 1,78.5,city_park
CIDADAP,TAMAN HEGARMANAH TENGAH,70,city_park
CIDADAP,TAMAN HEGARMANAH,0,city_park
CINAMBO,JALUR SAMPING UTARA,3628,city_park
CINAMBO,TAMAN DEPAN PASAR,895,city_park
CINAMBO,TAMAN PULAU JALAN GEDEBAGE,568,city_park
CINAMBO,TAMAN SAMPING BARAT (DEPAN MESJID),441,city_park
CINAMBO,JALUR DEPAN PASAR,213,city_park
CINAMBO,TAMAN RW. 03 KEL. BABAKAN PENGHULU,200,city_park
CINAMBO,TAMAN RW. 05 KEL. RANCABOLANG,200,city_park
COBLONG,TAMAN MONUMEN PERJUANGAN RAKYAT JABAR,83100,city_park
COBLONG,LAPANG LEBAK SILIWANGI,71568.13,city_park
COBLONG,KEBUN BINATANG,35874.67,city_park
COBLONG,TAMAN BABAKAN SILIWANGI,23052,city_park
COBLONG,TAMAN GANESHA,9612,city_park
COBLONG,TAMAN JL. TEUKU UMAR,3614,city_park
COBLONG,TAMAN HASANUDIN,3400,city_park
COBLONG,TAMAN DAGO ATAS,2760,city_park
COBLONG,TAMAN EKS SPBU CIKAPAYANG,2490,city_park
COBLONG,TAMAN HEWAN,2456,city_park
COBLONG,TAMAN TILIL,2422.06,city_park
COBLONG,TAMAN PANATAYUDA,2387,city_park
COBLONG,JALUR DAGO,2156,city_park
COBLONG,TAMAN GELAP NYAWANG,1656.4,city_park
COBLONG,TAMAN BAGUSRANGIN,1560,city_park
COBLONG,JALUR SETIABUDI - CIHAMPELAS,965,city_park
COBLONG,TAMAN SINGAPERBANGSA,800,city_park
COBLONG,TAMAN PUSKESMAS KEBONLEGA,800,city_park
COBLONG,TAMAN DAYANG SUMBI/TAMANSARI,754.6,city_park
COBLONG,TAMAN BAPAK HUSEN,639,city_park
COBLONG,TAMAN DIPATIUKUR,556.5,city_park
COBLONG,TAMAN KELUARGA BERENCANA,410,city_park
COBLONG,TAMAN PULAU JALAN PASUPATI,384,city_park
COBLONG,TAMAN CIHAMPELAS/SETIABUDI (KEL. SEJAHTERA),365,city_park
COBLONG,BAK BUNGA JALAN PASUPATI,350,city_park
COBLONG,TM. PULAU JL. TAMANSARI-SUMUR BANDUNG,244.74,city_park
COBLONG,TAMAN SILIWANGI/SUMUR BANDUNG,185.5,city_park
COBLONG,JALUR SILIWANGI,150.12,city_park
COBLONG,BAK BUNGA BBK. SILIWANGI,134.6,city_park
COBLONG,TAMAN TUBAGUS ISMAIL,86,city_park
COBLONG,TAMAN SILIWANGI,81,city_park
COBLONG,TAMAN SILIWANGI/SANGKURIANG,59.4,city_park
COBLONG,TAMAN PERUMNAS,45,city_park
COBLONG,TAMAN JALUR GELAP NYAWANG,44,city_park
COBLONG,TAMAN PULAU JALAN TAMANSARI,36,city_park
COBLONG,BAK BUNGA POT SIMPANG,34,city_park
COBLONG,TAMAN PULAU JALAN IR. H. DJUANDA,32,city_park
KIARACONDONG,JALUR TERUSAN JL. KIARACONDONG,3790.5,city_park
KIARACONDONG,TAMAN 5,1863.78,city_park
KIARACONDONG,TAMAN DAN LAPANGAN TENIS,1313.78,city_park
KIARACONDONG,TAMAN BELAKANG,886.34,city_park
KIARACONDONG,TAMAN DEPAN (GSB KIRI DAN GSB KANAN),239.25,city_park
KIARACONDONG,JALUR HIJAU BUNDARAN BOULEVARD I,154.5,city_park
KIARACONDONG,JALUR HIJAU KOMPLEK RUKO,123.12,city_park
KIARACONDONG,JALUR HIJAU BUNDERAN RUKO,84.92,city_park
KIARACONDONG,JALUR HIJAU TAMAN BOULEVARD 3,58.51,city_park
KIARACONDONG,JALUR HIJAU TAMAN BOULEVARD 2,58.5,city_park
KIARACONDONG,TAMAN 2,58.17,city_park
KIARACONDONG,TAMAN 1,56.17,city_park
KIARACONDONG,TAMAN 3,54.4,city_park
KIARACONDONG,JALUR HIJAU TAMAN BOULEVARD 1,48.8,city_park
KIARACONDONG,JALUR HIJAU TAMAN BOULEVARD 4,32.9,city_park
KIARACONDONG,TAMAN 4,23.87,city_park
KIARACONDONG,JALUR HIJAU TAMAN BOULEVARD 5,18.99,city_park
LENGKONG,TAMAN HALAMAN PENDOPO,11000,city_park
LENGKONG,TAMAN MALABAR,5007.68,city_park
LENGKONG,TAMAN KANGKUNG KIDUL/KALER,4848,city_park
LENGKONG,TAMAN LAPANGAN LEMBU,3412,city_park
LENGKONG,JALUR HIJAU PELAJAR PEJUANG '45,3410,city_park
LENGKONG,TAMAN PALASARI/MALABAR,2784,city_park
LENGKONG,LAPANG SARON,2350,city_park
LENGKONG,TAMAN SRIGALA,2336,city_park
LENGKONG,TAMAN LAPANGAN KIDANG DALAM,2240,city_park
LENGKONG,JALUR HIJAU LASWI,2240,city_park
LENGKONG,TAMAN BURANGRANG BPI,1734,city_park
LENGKONG,TAMAN SIMPHONY,1733.7,city_park
LENGKONG,TAMAN NILEM,1725,city_park
LENGKONG,TAMAN MACAN,1712,city_park
LENGKONG,TAMAN KLININGAN,1640,city_park
LENGKONG,TAMAN DURMA,1581,city_park
LENGKONG,TAMAN LAPANGAN TERONG,1350,city_park
LENGKONG,TAMAN PUTRI,960,city_park
LENGKONG,TAMAN BURANGRANG/WAYANG,841,city_park
LENGKONG,TAMAN KARAPITAN UNLA,767.2,city_park
LENGKONG,TAMAN TANK BAJA GATOT SUBROTO,722,city_park
LENGKONG,LAPANGAN IMPUN,633.5,city_park
LENGKONG,TAMAN PALASARI/LODAYA I,590.5,city_park
LENGKONG,BAK BUNGA CEREMAI,441,city_park
LENGKONG,TAMAN TAWES,418.7,city_park
LENGKONG,TAMAN PALASARI/LODAYA II,418,city_park
LENGKONG,TAMAN TURANGGA,328,city_park
LENGKONG,TAMAN DELEG,312.5,city_park
LENGKONG,TAMAN GALUNGGUNG,288,city_park
LENGKONG,TAMAN BURANGRANG/EMONG,280.6,city_park
LENGKONG,TAMAN WINDU,264,city_park
LENGKONG,TAMAN TUGU SIMPANG LIMA,239.62,city_park
LENGKONG,TAMAN LAUK EMAS,232,city_park
LENGKONG,JALUR HIJAU SADAKELING,226.5,city_park
LENGKONG,TAMAN TAMPOMAS,210,city_park
LENGKONG,TAMAN PALASARI / BANTENG I,209.3,city_park
LENGKONG,PULAU JALAN BUAH BATU/BKR,198,city_park
LENGKONG,TAMAN GURAME,197.5,city_park
LENGKONG,PULAU JALAN MARTANEGARA/PELAJAR PEJUANG,128.4,city_park
LENGKONG,TAMAN PULAU JALAN CIKAWAO/LENGKONG,60,city_park
LENGKONG,TAMAN PALASARI / BANTENG II,57.2,city_park
MANDALAJATI,TAMAN EKS TPA PASIR IMPUN,44600,city_park
MANDALAJATI,TAMAN EKS TPA CICABE,41803.57,city_park
MANDALAJATI,TAMAN TERASERING BLOK ID,1913,city_park
MANDALAJATI,TAMAN SISI KANAN-KIRI SALURAN INDUK,798,city_park
MANDALAJATI,JALUR HIJAU SEBELAH SELATAN LAPANGAN TENIS,600,city_park
MANDALAJATI,TAMAN TERASERING BLOK II,444,city_park
MANDALAJATI,TAMAN MEDIAN JALAN,400,city_park
MANDALAJATI,JALUR HIJAU BLOK XI,362,city_park
MANDALAJATI,JALUR HIJAU BLOK XIV,350,city_park
MANDALAJATI,JALUR HIJAU BLOK XV,274,city_park
MANDALAJATI,TAMAN MEDIAN BLOK II,212,city_park
MANDALAJATI,TAMAN MEDIAN BLOK I A,171,city_park
MANDALAJATI,TAMAN MEDIAN DEPAN RUKO,150,city_park
MANDALAJATI,TAMAN RW DEPAN KANTOR,150,city_park
MANDALAJATI,TAMAN MEDIAN BLOK VIII,141,city_park
MANDALAJATI,TAMAN MEDIAN BLOK I,79,city_park
MANDALAJATI,TAMAN MEDIAN BLOK III,79,city_park
MANDALAJATI,TAMAN MEDIAN BLOK IX,30,city_park
MANDALAJATI,TAMAN MEDIAN BLOK VII,21,city_park
MANDALAJATI,TAMAN MEDIAN BLOK VI,20,city_park
MANDALAJATI,TAMAN MEDIAN BLOK V (BUNDERAN),5,city_park
PANYILEUKAN,JALUR HIJAU BLOK F,4005,city_park
PANYILEUKAN,JALUR HIJAU L-I 10,2387,city_park
PANYILEUKAN,JALUR HIJAU BLOK C,1840,city_park
PANYILEUKAN,JALUR HIJAU N-R,1309,city_park
PANYILEUKAN,TAMAN BLOK L,1214,city_park
PANYILEUKAN,TAMAN BLOK CITRA AB,1092.5,city_park
PANYILEUKAN,TAMAN LAPANGAN BLOK J,1056,city_park
PANYILEUKAN,TAMAN BLOK J,1005,city_park
PANYILEUKAN,TAMAN BLOK A1-I,965.6,city_park
PANYILEUKAN,JALUR HIJAU BLOK A I,943.8,city_park
PANYILEUKAN,TAMAN BLOK F,940.85,city_park
PANYILEUKAN,TAMAN LAPANGAN OLAHRAGA BLOK E,897,city_park
PANYILEUKAN,TAMAN BLOK P-I,784,city_park
PANYILEUKAN,TAMAN BLOK F-G,782,city_park
PANYILEUKAN,TAMAN BLOK H,675.95,city_park
PANYILEUKAN,TAMAN BLOK P-II,667,city_park
PANYILEUKAN,TAMAN CIJAMBE INDAH,659,city_park
PANYILEUKAN,JALUR HIJAU BLOK A II,608,city_park
PANYILEUKAN,TAMAN BLOK N,565.5,city_park
PANYILEUKAN,TAMAN LAPANGAN OLAHRAGA BLOK E,550,city_park
PANYILEUKAN,TAMAN BLOK K,540,city_park
PANYILEUKAN,TAMAN BLOK Q,515,city_park
PANYILEUKAN,TAMAN MEKAR RESIK,489,city_park
PANYILEUKAN,TAMAN PAMEKAR TIMUR,455,city_park
PANYILEUKAN,TAMAN MEKAR SUGIH,400,city_park
PANYILEUKAN,TAMAN BLOK G-II,393.24,city_park
PANYILEUKAN,TAMAN BLOK CITRA,392,city_park
PANYILEUKAN,TAMAN PAMEKAR,327,city_park
PANYILEUKAN,TAMAN BLOK N,322.5,city_park
PANYILEUKAN,TAMAN PAMEKAR BARAT,320,city_park
PANYILEUKAN,TAMAN BLOK F,240,city_park
PANYILEUKAN,TAMAN BLOK A1-II,225,city_park
PANYILEUKAN,TAMAN BLOK E-G (II),120,city_park
PANYILEUKAN,TAMAN BLOK C,105,city_park
PANYILEUKAN,TAMAN BLOK B,80,city_park
PANYILEUKAN,TAMAN BLOK E-G (I),76.5,city_park
PANYILEUKAN,TAMAN BLOK R-I,67.5,city_park
PANYILEUKAN,TAMAN BLOK G-I,44.77,city_park
PANYILEUKAN,TAMAN BLOK R-II,39,city_park
PANYILEUKAN,TAMAN BLOK A,36.75,city_park
PANYILEUKAN,TAMAN BLOK E,30,city_park
PANYILEUKAN,TAMAN PANYAWANGAN,26,city_park
PANYILEUKAN,TAMAN BLOK A,21.6,city_park
PANYILEUKAN,TAMAN LAPANGAN BLOK H,14,city_park
PANYILEUKAN,TAMAN PANYILEUKAN,-,city_park
PANYILEUKAN,TAMAN PANYILEUKAN 1,-,city_park
PANYILEUKAN,TAMAN PANYILEUKAN 2,-,city_park
PANYILEUKAN,TAMAN PANYILEUKAN 3,-,city_park
PANYILEUKAN,TAMAN PANYILEUKAN 4,-,city_park
PANYILEUKAN,TAMAN PANYILEUKAN 6,-,city_park
PANYILEUKAN,TAMAN PANYILEUKAN 7,-,city_park
PANYILEUKAN,TAMAN PANYILEUKAN 8,-,city_park
PANYILEUKAN,TAMAN PANYILEUKAN 9,-,city_park
RANCASARI,TAMAN METRO ESTATE A,3590,city_park
RANCASARI,TAMAN BLOK V2,2173,city_park
RANCASARI,TAMAN BLOK L2 I,1994,city_park
RANCASARI,TAMAN BLOK A2,1922,city_park
RANCASARI,TAMAN BLOK L2 A,1835,city_park
RANCASARI,TAMAN BLOK G2,1781,city_park
RANCASARI,TAMAN BLOK Q2 A,1106,city_park
RANCASARI,TAMAN METRO ESTATE H,894,city_park
RANCASARI,TAMAN BLOK L2 D,874,city_park
RANCASARI,TAMAN BLOK L2 (AL BAYAN),816,city_park
RANCASARI,TAMAN BLOK B2 B,770,city_park
RANCASARI,TAMAN METRO ESTATE J,678,city_park
RANCASARI,TAMAN BLOK B2 C,663,city_park
RANCASARI,TAMAN BLOK G2,625,city_park
RANCASARI,TAMAN METRO ESTATE B,612,city_park
RANCASARI,TAMAN METRO ESTATE M,604,city_park
RANCASARI,TAMAN BLOK N2,600.02,city_park
RANCASARI,TAMAN BLOK Q2 B,567,city_park
RANCASARI,TAMAN BLOK O2 DEPAN NO. 125,567,city_park
RANCASARI,TAMAN BLOK T2 DEPAN NO. 24,557,city_park
RANCASARI,TAMAN METRO ESTATE O,518,city_park
RANCASARI,TAMAN METRO ESTATE D,495,city_park
RANCASARI,TAMAN METRO ESTATE E,495,city_park
RANCASARI,TAMAN BLOK H2,483,city_park
RANCASARI,TAMAN BLOK S2 DEPAN NO. 69,472,city_park
RANCASARI,TAMAN METRO ESTATE C,462,city_park
RANCASARI,TAMAN BLOK L2 H,460,city_park
RANCASARI,TAMAN METRO ESTATE N,450,city_park
RANCASARI,TAMAN METRO ESTATE F,446,city_park
RANCASARI,TAMAN METRO ESTATE G,446,city_park
RANCASARI,TAMAN BLOK L2 B,437,city_park
RANCASARI,TAMAN BLOK L2 F,437,city_park
RANCASARI,TAMAN BLOK L2 G,437,city_park
RANCASARI,TAMAN BLOK K2 A,420,city_park
RANCASARI,TAMAN BLOK M2,413,city_park
RANCASARI,TAMAN BLOK D2 A,378,city_park
RANCASARI,TAMAN BLOK L2 C,375,city_park
RANCASARI,TAMAN BLOK I2 DEPAN NO. 84,325,city_park
RANCASARI,TAMAN BLOK B2 A,273,city_park
RANCASARI,TAMAN BLOK O2 B,230.67,city_park
RANCASARI,TAMAN BLOK O2 A,180,city_park
RANCASARI,TAMAN RW 10KEL. MEKAR JAYA,130,city_park
RANCASARI,TAMAN METRO ESTATE I,128,city_park
RANCASARI,TAMAN BLOK E2 B,108,city_park
RANCASARI,TAMAN METRO ESTATE L,90,city_park
RANCASARI,TAMAN BLOK E2 A,70,city_park
RANCASARI,TAMAN BLOK E2 D,56.04,city_park
RANCASARI,TAMAN BLOK E2 C,54,city_park
RANCASARI,TAMAN BLOK O2 C,47.08,city_park
RANCASARI,TAMAN BLOK L2 K,36,city_park
REGOL,TAMAN LAPANG TEGALLEGA,190011.02,city_park
REGOL,TAMAN ALUN-ALUN BANDUNG,9904.05,city_park
REGOL,JALUR HIJAU BKR,3410,city_park
REGOL,TAMAN SAWAH KURUNG,1895.5,city_park
REGOL,TAMAN CILENTAH,1608.2,city_park
REGOL,TAMAN CIATEUL TENGAH,894,city_park
REGOL,TAMAN PULAU JALAN PATUNG IKAN,547.74,city_park
REGOL,TAMAN SRIWIJAYA,375.23,city_park
REGOL,TAMAN PULAU JALAN MOCH. TOHA/BKR,359.4,city_park
REGOL,TAMAN RW.12 KEL. CIGERELENGL,200,city_park
REGOL,TAMAN PATUNG IKAN,170,city_park
REGOL,TAMAN RW.09 KEL. CIATEUL,100,city_park
REGOL,TAMAN MOCH. TOHA - CIATEUL,88.8,city_park
REGOL,TAMAN MOCH. TOHA BATAS,77.2,city_park
REGOL,TAMAN CIATEUL,-,city_park
SUKAJADI,LAPANGAN ABRA,14966.38,city_park
SUKAJADI,TAMAN PERUMNAS SARIJADI,7447,city_park
SUKAJADI,JALUR DR. DJUNDJUNAN,6258.56,city_park
SUKAJADI,JALUR PASTEUR I,4952.5,city_park
SUKAJADI,TAMAN EKS SPBU SUKAJADI,4251.03,city_park
SUKAJADI,TAMAN SUKAJADI/PANGLAYUNGAN,2699.08,city_park
SUKAJADI,TAMAN SUKAJADI/KARANGTINEUNG,1940.5,city_park
SUKAJADI,TAMAN ANGKLUNG,1823.52,city_park
SUKAJADI,TAMAN SUKAJADI/EYKMAN,1733.44,city_park
SUKAJADI,TAMAN SETIABUDHI/CIPAGANTI,1529.7,city_park
SUKAJADI,TAMAN SURYA SUMANTRI,983.2,city_park
SUKAJADI,TAMAN SETIABUDHI/SINDANG SIRNA,972,city_park
SUKAJADI,JALUR PASTEUR I,900,city_park
SUKAJADI,PULAU JALAN PASIRKALIKI/PASTEUR,895.6,city_park
SUKAJADI,TAMAN PULAU JL. SETIABUDHI - JL. SUKAJADI,796.09,city_park
SUKAJADI,TAMAN PRO. EYKMAN/MAKMUR,790,city_park
SUKAJADI,TAMAN SUKAMULYA/PASTEUR,782.52,city_park
SUKAJADI,TAMAN SUDUT PASIRKALIKI 1,593.31,city_park
SUKAJADI,TAMAN SUDUT PASIRKALIKI 2,536,city_park
SUKAJADI,TAMAN SUKARASA,500,city_park
SUKAJADI,LAPANG VOLI PERUMAHAN SUKAMULYA INDAH,408,city_park
SUKAJADI,TAMAN SUKAJADI/CEMARA,395,city_park
SUKAJADI,TAMAN SUKAMULYA BUNDERAN,378.5,city_park
SUKAJADI,TAMAN TENTERAM,365.6,city_park
SUKAJADI,JALUR HIJAU JALUR BUNGUR,264,city_park
SUKAJADI,TAMAN SUKAJADI/KARANGTINGGAL,250,city_park
SUKAJADI,TAMAN SUKAJADI/SUKAMAJU,200,city_park
SUKAJADI,TAMAN SUKAGALIH,99,city_park
SUKAJADI,TAMAN SETRA RIA,49,city_park
SUKASARI,LAPANGAN OLAHRAGA KOMPLEK KPAD,20150,city_park
SUKASARI,JALUR RAYA KOMPLEK KPAD,12900,city_park
SUKASARI,TAMAN BATU,2990.33,city_park
SUKASARI,TAMAN ANAK KOMPLEK KPAD GEGERKALONG,2007,city_park
SUKASARI,LAPANGAN TENIS,1653.42,city_park
SUKASARI,TAMAN PARKIR,1162.12,city_park
SUKASARI,TAMAN MASJID DAN MASJID,956.54,city_park
SUKASARI,TAMAN SUKAJADI/SETIABUDHI,769.03,city_park
SUKASARI,LAPANG BASKET DAN GROUND TANK II,762.74,city_park
SUKASARI,TAMAN KAV. 10 - JEMBATAN 1,744.8,city_park
SUKASARI,TAMAN SETIABUDHI/KARANG SARI,661.35,city_park
SUKASARI,TAMAN PINTU GERBANG,574.05,city_park
SUKASARI,TAMAN WTP (GROUN TANKI),552,city_park
SUKASARI,TAMAN LANSIA KOMPLEK KPAD GEGERKALONG,510,city_park
SUKASARI,TAMAN PLAY GROUND I,464.91,city_park
SUKASARI,TAMAN PLAY GROUND II,361.75,city_park
SUKASARI,TAMAN BATAS KOTA SETIABUDHI,350,city_park
SUKASARI,TAMAN KAV. 68 - 69,209,city_park
SUKASARI,TAMAN BLOK F,186.18,city_park
SUKASARI,TAMAN GEGERKALONG/SETIABUDHI,152.8,city_park
SUKASARI,TAMAN KAV. 88 - 106,95.75,city_park
SUKASARI,TAMAN KAV. 79,88.75,city_park
SUKASARI,TAMAN SEBRANG F. 07,53.75,city_park
SUMUR BANDUNG,TAMAN VIADUCT (PELAJAR PEJUANG DAN LASKAR WANITA),2550.45,city_park
SUMUR BANDUNG,TAMAN MERDEKA (TAMAN DEWI SARTIKA),14729,city_park
SUMUR BANDUNG,TAMAN HALAMAN BALAI KOTA,6344.9,city_park
SUMUR BANDUNG,TAMAN TONGKENG,3610.5,city_park
SUMUR BANDUNG,JALUR SUPRATMAN,3370.6,city_park
SUMUR BANDUNG,TAMAN JL. MEKAR AGUNG (PERUMAHAN BUMI ASRI PADASUKA III),3331.44,city_park
SUMUR BANDUNG,TAMAN SURAPATI/CICAHEUM I,2625,city_park
SUMUR BANDUNG,TAMAN SENTRUM,2100.75,city_park
SUMUR BANDUNG,JALUR ACEH II,1840,city_park
SUMUR BANDUNG,TAMAN EKS SPBU DEPAN TAMAN PRAMUKA,1566,city_park
SUMUR BANDUNG,TAMAN SURAPATI/CICAHEUM II,1543.7,city_park
SUMUR BANDUNG,TAMAN AIR MANCUR VANDA,976,city_park
SUMUR BANDUNG,TAMAN JL. ANGGREK,890,city_park
SUMUR BANDUNG,JALUR ACEH I,867.8,city_park
SUMUR BANDUNG,TAMAN JL. MEKAR CEMERLANG (PERUMAHAN BUMI ASRI PADASUKA III),816,city_park
SUMUR BANDUNG,TAMAN R.E MARTADINATA/ACEH,765.5,city_park
SUMUR BANDUNG,TAMAN KOSAMBI,759,city_park
SUMUR BANDUNG,TAMAN RIAU/A. YANI,685.6,city_park
SUMUR BANDUNG,TAMAN BUTON,612.7,city_park
SUMUR BANDUNG,JALUR WASKA BARAT,458.6,city_park
SUMUR BANDUNG,TAMAN CISADEA,412.25,city_park
SUMUR BANDUNG,BAK BUNGA ACEH/SUMATERA,405.6,city_park
SUMUR BANDUNG,TAMAN KATAMSO,340,city_park
SUMUR BANDUNG,TAMAN LOMBOK,330,city_park
SUMUR BANDUNG,TAMAN JL. MEKAR KENCANA (PERUMAHAN BUMI ASRI PADASUKA III),320,city_park
SUMUR BANDUNG,TAMAN NIAS,310,city_park
SUMUR BANDUNG,TAMAN JL. MEKAR ASIH (PERUMAHAN BUMI ASRI PADASUKA III),247.8,city_park
SUMUR BANDUNG,TAMAN SIMPANG LIMA,244.7,city_park
SUMUR BANDUNG,TAMAN JL. DIPONEGORO - JL. CITARUM,235,city_park
SUMUR BANDUNG,TAMAN JL. MEKAR WANGI RUKO (PERUMAHAN BUMI ASRI PADASUKA III),190,city_park
SUMUR BANDUNG,TAMAN TEXAS SISTER CITY 1,181.6,city_park
SUMUR BANDUNG,TAMAN PATUNG BOLA,170,city_park
SUMUR BANDUNG,TAMAN PUSKESMAS TAMBLONG,123,city_park
SUMUR BANDUNG,TAMAN PULAU JALAN JAWA/MERDEKA,120,city_park
SUMUR BANDUNG,JALUR PERINTIS KEMERDEKAAN,105.95,city_park
SUMUR BANDUNG,TAMAN JL. MEKAR INDAH (PERUMAHAN BUMI ASRI PADASUKA III),85.1,city_park
SUMUR BANDUNG,TAMAN BRAGA - LEMBONG,55,city_park
SUMUR BANDUNG,TAMAN DEPAN MASJID AL UKHUWAH,54,city_park
UJUNG BERUNG,TAMAN LAP. UJUG BERUNG/ALUN-ALUN,5089,city_park
UJUNG BERUNG,TAMAN UJUNG BERUNG INDAH 1,982,city_park
UJUNG BERUNG,TAMAN SUKUP BARU,458,city_park
UJUNG BERUNG,TAMAN UJUNG BERUNG INDAH 2,250,city_park
UJUNG BERUNG,TAMAN RT.03 RW.05 KOMP. MAYANG LIGAR,200,city_park
UJUNG BERUNG,TAMAN UJUNG BERUNG INDAH 4,148,city_park
UJUNG BERUNG,TAMAN RW.13 KEL. PASIR JATI,140,city_park
UJUNG BERUNG,TAMAN SUKUP,81,city_park
UJUNG BERUNG,TAMAN UJUNG BERUNG INDAH 3,59,city_park
ANDIR,TAMAN WARINGIN,198.1,city_park
ANDIR,TAMAN RAJAWALI/ARJUNA,376,city_park
ANDIR,JALUR SUDIRMAN,3158.02,city_park
ANDIR,TPJ SUDIRMAN - RAJAWALI,825.54,city_park
ANDIR,BUNDERAN SUDIRMAN,735,city_park
ANDIR,JALUR GARUDA BARAT,2405,city_park
ANDIR,JALUR ELANG,1395.67,city_park
ANDIR,TAMAN CIMINDI,1557.21,city_park
ANDIR,TAMAN YAPLUN,50,city_park
ANDIR,TAMAN SUDUT RAJAWALI,666.35,city_park
ANDIR,LAPANG ELANG,10306,city_park
ANDIR,JALUR GARUDA TIMUR,2968.13,city_park
ANDIR,TAMAN RW. 04,110,city_park
ANDIR,TAMAN RW. 09,130,city_park
ANDIR,TAMAN RW 07 BELAKANG KANTOR,210,city_park
ANDIR,TAMAN RW 07,76,city_park
ANTAPANI,TAMAN RW 02,171,city_park
ANTAPANI,TAMAN RW 03,324,city_park
ANTAPANI,TAMAN RW 06,468.4,city_park
ANTAPANI,TAMAN RW 15,430.5,city_park
ANTAPANI,TAMAN RW 17,220.28,city_park
ANTAPANI,TAMAN RW 09,320,city_park
ANTAPANI,TAMAN RW 24,194.46,city_park
ANTAPANI,TAMAN RW 01,62.34,city_park
ANTAPANI,TAMAN RW 02,191.07,city_park
ANTAPANI,TAMAN RW 07,590.11,city_park
ANTAPANI,TAMAN JATIWANGI BLOK 26,237,city_park
ANTAPANI,TAMAN TERUSAN JALAN JAKARTA,343,city_park
ANTAPANI,TAMAN RENGASDENGLOK,988,city_park
ANTAPANI,TAMAN SUBANG BLOK 5,1826,city_park
ANTAPANI,TAMAN KADIPATEN-CICALENGKA,887,city_park
ANTAPANI,TAMAN PURWAKARTA-KADIPATEN,1563,city_park
ANTAPANI,TAMAN KUNINGAN BLOK 20,252,city_park
ANTAPANI,TAMAN KADIPATEN BLOK 12,237,city_park
ANTAPANI,TAMAN JATIWANGI,1256,city_park
ANTAPANI,TAMAN CIKAMPEK,624,city_park
ANTAPANI,TAMAN ANTAPANI LAMA,102,city_park
ANTAPANI,TAMAN RW 03 ANTAPANI TENGAH,55,city_park
ANTAPANI,TAMAN RW 01 ANTAPANI TENGAH,150,city_park
ANTAPANI,TAMAN BATU TULIS,2614,city_park
ANTAPANI,TAMAN KARANG ASEM,1438,city_park
ANTAPANI,TAMAN SRAGEN-KLATEN,489,city_park
ANTAPANI,TAMAN PURWOREJO,1010,city_park
ANTAPANI,TAMAN PEKALONGAN,969,city_park
ANTAPANI,TAMAN JAYAPURA,1104,city_park
ANTAPANI,TAMAN BATU WANGI-SINDANG KASIH,1098,city_park
ANTAPANI,TAMAN ATAMBUA,664,city_park
ANTAPANI,TAMANJALUR PRATISTA UTAMA,889,city_park
ANTAPANI,TAMAN PRATISTA RAYA,34.89,city_park
ANTAPANI,TAMAN BLOK D-39,104.32,city_park
ANTAPANI,TAMAN PRATISTA BARAT I,51,city_park
ANTAPANI,TAMAN PRATISTA BARAT II,113,city_park
ANTAPANI,TAMAN PRANAYA 1,89,city_park
ANTAPANI,TAMAN GERBANG PRANAYA,49.23,city_park
ANTAPANI,TAMAN PRANAYA 2,170,city_park
ANTAPANI,TAMAN BOUGENVILLE,4746,city_park
ARCAMANIK,TAMAN GANTOLE,192.89,city_park
ARCAMANIK,TAMAN AEROMODELING,816,city_park
ARCAMANIK,TAMAN GOLF BARAT 2 A,839.91,city_park
ARCAMANIK,TAMAN POLO AIR,328.32,city_park
ARCAMANIK,TAMAN GOLF BARAT 2 B,212,city_park
ARCAMANIK,TAMAN GANTOLE-DIRGANTARA,75,city_park
ARCAMANIK,TAMANLAPANGAN PACUAN KUDA,665000,city_park
ARCAMANIK,TAMAN GOLF BARAT XIII,940,city_park
ARCAMANIK,TAMAN HOCKY,442,city_park
ARCAMANIK,TAMAN TERBANG LAYANG I,1338,city_park
ARCAMANIK,TAMAN TAEKONDO-KEMPO,396,city_park
ARCAMANIK,TAMAN SKI AIR,7139.78,city_park
ARCAMANIK,TAMAN BULU TANGKIS,69,city_park
ARCAMANIK,TAMAN GOLF BARAT 2 C,325,city_park
ARCAMANIK,TAMAN TERBANG LAYANG II,375.46,city_park
ARCAMANIK,TAMAN BOWLING,732.12,city_park
ARCAMANIK,TAMAN SUDUT ARCAMANIK,286.44,city_park
ARCAMANIK,TAMAN ARCAMANIK I,374,city_park
ARCAMANIK,TAMAN ARCAMANIK II,740.33,city_park
ARCAMANIK,TAMAN ARCAMANIK III,810.05,city_park
ARCAMANIK,TAMAN ARCAMANIK IV,660,city_park
ARCAMANIK,TAMAN ARCAMANIK V,616,city_park
ARCAMANIK,TAMAN ARCAMANIK VII,440.06,city_park
ARCAMANIK,TAMAN ARCAMANIK XVIII,599.61,city_park
ARCAMANIK,TAMAN BALON UDARA,242,city_park
ARCAMANIK,TAMAN AEROMODELING III,185,city_park
ARCAMANIK,TAMAN AEROMODELING IV,338,city_park
ARCAMANIK,TAMAN DIRGANTARA,315,city_park
ARCAMANIK,TAMAN TENIS,390,city_park
ARCAMANIK,TAMAN ICE SKATING I,312,city_park
ARCAMANIK,TAMAN ICE SKATING I,325,city_park
ARCAMANIK,TAMAN TERJUN TENDOM,208,city_park
ARCAMANIK,TAMAN RW. 09 KOMP. GURUMINDA,170,city_park
ARCAMANIK,TAMAN RW JL. CICUKANG,200,city_park
ARCAMANIK,TAMAN ARCAMANIK,661.5,city_park
ARCAMANIK,TAMAN RW 07,289.62,city_park
ARCAMANIK,TAMAN RW 11,158,city_park
ARCAMANIK,TAMAN RW 13,235,city_park
ARCAMANIK,TAMAN RW 12,741.28,city_park
ARCAMANIK,TAMAN RW 10,266.75,city_park
ARCAMANIK,TAMAN GOLF BARAT VII DEPAN NO 07,-,city_park
ARCAMANIK,TAMAN RW 09 DI KEC ARCAMANIK,231.28,city_park
ASTANAANYAR,TAMAN ASTANA ANYAR,56.89,city_park
ASTANAANYAR,TAMAN PAJAGALAN I,49.7,city_park
ASTANAANYAR,TAMAN PAJAGALAN II,746.9,city_park
ASTANAANYAR,TAMAN INHOFTANK,112.77,city_park
ASTANAANYAR,TAMAN RW.04,40,city_park
ASTANAANYAR,TAMAN RW.05,80,city_park
ASTANAANYAR,TAMAN RW 03,105,city_park
ASTANAANYAR,TAMAN RW 06,400,city_park
BABAKAN CIPARAY,TAMAN LINGKUNGAN PERUMAHAN SUMBER SARI,2973,city_park
BABAKAN CIPARAY,TAMAN CARINGIN,63,city_park
BABAKAN CIPARAY,TAMAN RW.04,70,city_park
BABAKAN CIPARAY,TAMAN RW 07,371.36,city_park
BABAKAN CIPARAY,TAMAN CIBOLERANG,891,city_park
BABAKAN CIPARAY,TAMAN SATRIA RW 07 BLOK G,96,city_park
BABAKAN CIPARAY,TAMAN RW RT 07 CIRANGRANG,123,city_park
BABAKAN CIPARAY,TAMAN RW 10 BABAKAN,112,city_park
BABAKAN CIPARAY,TAMAN RW 05 CIRANGRANG,115,city_park
BABAKAN CIPARAY,TAMAN RW 01 MARGAHAYU UTARA,96,city_park
BANDUNG KIDUL,TAMAN RW 10,223.21,city_park
BANDUNG KIDUL,TAMAN RW 04,193,city_park
BANDUNG KIDUL,TAMAN RW 04 ISTANA KAWALUYAAN,120,city_park
BANDUNG KIDUL,TAMAN SANGGAR HURIP 2,452,city_park
BANDUNG KIDUL,TAMAN SANGGAR HURIP 3,565,city_park
BANDUNG KIDUL,TAMAN SANGGAR HURIP 6,480,city_park
BANDUNG KIDUL,TAMAN BLOK O2 DEPAN NO. 125,567,city_park
BANDUNG KIDUL,TAMAN BLOK S2 DEPAN NO. 69,472,city_park
BANDUNG KIDUL,TAMAN BLOK I2 DEPAN NO. 84,325,city_park
BANDUNG KIDUL,TAMAN GADING 1,416,city_park
BANDUNG KIDUL,TAMAN GADING 2,621,city_park
BANDUNG KIDUL,TAMAN GADING 3,1165,city_park
BANDUNG KIDUL,TAMAN GADING 4,436,city_park
BANDUNG KIDUL,TAMAN GADING 5,235,city_park
BANDUNG KIDUL,TAMAN GADING 6,214,city_park
BANDUNG KIDUL,TAMAN GADING 8,595,city_park
BANDUNG KIDUL,TAMAN GADING 9,2795,city_park
BANDUNG KIDUL,TAMAN GADING 10,810,city_park
BANDUNG KIDUL,TAMAN GADING 11,376,city_park
BANDUNG KIDUL,TAMAN BATU PERMATA,530,city_park
BANDUNG KIDUL,TAMAN 1,1646,city_park
BANDUNG KIDUL,TAMAN 2,1794,city_park
BANDUNG KIDUL,TAMAN 3,3720,city_park
BANDUNG KIDUL,TAMAN 4,617,city_park
BANDUNG KIDUL,TAMAN 5,4855,city_park
BANDUNG KIDUL,PULAU JALAN SAMSAT,124,city_park
BANDUNG KULON,TAMAN LINGKUNGAN PERUMAHAN SADANG,545.23,city_park
BANDUNG KULON,TAMAN LINGKUNGAN PERUMNAS CIJERAH I,4794,city_park
BANDUNG KULON,TAMAN LINGKUNGAN PERUMNAS CIBUNTU,1370,city_park
BANDUNG KULON,TAMAN RW.04,210,city_park
BANDUNG KULON,TAMAN RW.05,170,city_park
BANDUNG KULON,TAMAN RW 08,271.93,city_park
BANDUNG KULON,TAMAN RW 07,420,city_park
BANDUNG KULON,TAMAN RW 05,109,city_park
BANDUNG KULON,TAMAN RW 05,289.13,city_park
BANDUNG KULON,TAMAN RW 10,345.52,city_park
BANDUNG WETAN,TAMAN JL. DIPONEGORO - JL. TRUNOJOYO,709.18,city_park
BANDUNG WETAN,TAMAN NYLAND,783.75,city_park
BANDUNG WETAN,TAMAN WASKA/TAMANSARI,81.49,city_park
BANDUNG WETAN,TAMAN WASKA/PURNAWARMAN (TEXAS),144.9,city_park
BANDUNG WETAN,TAMAN WASKA/PAJAJARAN (MACAN),127.5,city_park
BANDUNG WETAN,TAMAN DEPAN GALERIA BIP SUMATERA/SULAWESI,200.9,city_park
BANDUNG WETAN,TAMAN WASKA PANGLIMA,137.4,city_park
BANDUNG WETAN,TAMAN WASTUKANCANA/TAMANSARI (LIUZOU),280,city_park
BANDUNG WETAN,TAMAN SERAM,9511.23,city_park
BANDUNG WETAN,GOR SAPARUA,44300,city_park
BANDUNG WETAN,TAMAN LALU LINTAS,45600.87,city_park
BANDUNG WETAN,STADION SILIWANGI,60576.87,city_park
BANDUNG WETAN,TAMAN GEDUNG SATE,16605,city_park
BANDUNG WETAN,TAMAN PKK,2893.7,city_park
BANDUNG WETAN,TAMAN CIBEUNYING BANK NISP,688.25,city_park
BANDUNG WETAN,JALUR HIJAU JALAN CILIWUNG,936,city_park
BANDUNG WETAN,JALUR HIJAU JALAN CITARUM,436.66,city_park
BANDUNG WETAN,TAMAN CITARUM,1102.67,city_park
BANDUNG WETAN,TAMAN DKK SUPRATMAN,264.5,city_park
BANDUNG WETAN,TAMAN TRUNOJOYO,850.56,city_park
BANDUNG WETAN,TAMAN CILAKI ATAS (TAMAN LANSIA),16620,city_park
BANDUNG WETAN,TAMAN CILAKI TENGAH (TAMAN KANDAGA PUSPA),6487,city_park
BANDUNG WETAN,TAMAN CILAKI BAWAH I DAN II (PET PARK),9753,city_park
BANDUNG WETAN,TAMAN CILAKI,300,city_park
BANDUNG WETAN,TAMAN PROGO,172,city_park
BANDUNG WETAN,TAMAN GEMPOL,1245.5,city_park
BANDUNG WETAN,TAMAN ANGGREK/BENGAWAN (TAMAN SUPER HERO),1425,city_park
BANDUNG WETAN,TAMAN PRAMUKA,13845.34,city_park
BANDUNG WETAN,LAPANG GASIBU,25962,city_park
BANDUNG WETAN,JALUR PRABUDIMUNTUR/SURAPATI,3600,city_park
BANDUNG WETAN,TAMAN WIRA ANGUN-ANGUN,918,city_park
BANDUNG WETAN,LAPANG SUPRATMAN (TAMAN PERSIB),9072.75,city_park
BANDUNG WETAN,TAMAN CIPUNAGARA,688,city_park
BANDUNG WETAN,TAMAN SALAM PUSKESMAS,63.5,city_park
BANDUNG WETAN,TAMAN RASAMALA,756.99,city_park
BANDUNG WETAN,TAMANLAPANG SALAM,1685,city_park
BANDUNG WETAN,TAMAN CENDANA,392.47,city_park
BANDUNG WETAN,PULAU JALAN SENTOT,16.04,city_park
BANDUNG WETAN,TAMAN RANGGA MALELA (TAMAN RADIO),920.9,city_park
BANDUNG WETAN,PULAU JALANTAMANSARI/UNISBA,127.1,city_park
BANDUNG WETAN,JALUR HIJAUTAMANSARI,908.1,city_park
BANDUNG WETAN,TAMAN GAJAH LUMANTUNG,807.05,city_park
BANDUNG WETAN,TAMAN CIUNGWANARA,1943,city_park
BANDUNG WETAN,TAMAN CIKAPAYANG/BADAK SINGA (DEPAN PDAM),846.34,city_park
BANDUNG WETAN,TAMAN BALUBUR/TAMANSARI,117.3,city_park
BANDUNG WETAN,JALUR HIJAU CIKAPAYANG,1800,city_park
BANDUNG WETAN,PULAU JALAN BALUBUR,131.6,city_park
BANDUNG WETAN,TAMAN SKANDA/GANESHA,312.8,city_park
BANDUNG WETAN,TAMAN DR. SLAMET,1521.7,city_park
BANDUNG WETAN,TAMAN CEMPAKA (TAMAN FOTOGRAFI),1785,city_park
BANDUNG WETAN,TAMAN MANGGA,2850,city_park
BANDUNG WETAN,TAMAN PASUPATI (TAMAN JOMBLO),1539,city_park
BANDUNG WETAN,TAMAN SKATE PARK,300,city_park
BANDUNG WETAN,TAMAN CIBEUNYING PARK,488.25,city_park
BANDUNG WETAN,TAMAN FILM,1100,city_park
BANDUNG WETAN,TAMAN RW 07,122.08,city_park
BANDUNG WETAN,TAMAN RW 10,654.2,city_park
BANDUNG WETAN,TAMAN MALUKU,23633.24,city_park
BANDUNG WETAN,TAMAN INKLUSI,400,city_park
BATUNUNGGAL,TAMAN PULAU JALAN GATOT SUBROTO/LASWI,428.4,city_park
BATUNUNGGAL,BAK BUNGA GATOT SUBROTO/LASWI,84.6,city_park
BATUNUNGGAL,TAMAN KEBON WARU I,1901.2,city_park
BATUNUNGGAL,TAMAN KEBON WARU II,234.2,city_park
BATUNUNGGAL,TAMAN ANYER,2814,city_park
BATUNUNGGAL,STADION PERSIB,23005.05,city_park
BATUNUNGGAL,TAMAN SALENDRO TIMUR,472,city_park
BATUNUNGGAL,TAMAN PULAU JALAN LASWI,234.4,city_park
BATUNUNGGAL,TAMAN RW 05,100.13,city_park
BATUNUNGGAL,TAMAN RW 05,216.75,city_park
BATUNUNGGAL,TAMAN RW 10,417.01,city_park
BOJONGLOA KALER,TAMAN LINGKAR SELATAN/PASIRKOJA,852.25,city_park
BOJONGLOA KALER,TAMAN PAGARSIH/JAMIKA,151,city_park
BOJONGLOA KALER,JALUR HIJAU PETA,2464.46,city_park
BOJONGLOA KALER,JALUR HIJAU JAMIKA,820,city_park
BOJONGLOA KALER,TAMAN BOJONGLOA / TUKANG RAMPE,68,city_park
BOJONGLOA KALER,TAMAN PASEBAN/KENCANA TIMUR,418,city_park
BOJONGLOA KALER,TAMAN KOPO KENCANA,1249.7,city_park
BOJONGLOA KALER,TAMAN TRITISAN KENCANA,956,city_park
BOJONGLOA KALER,TAMAN PAYUNG KENCANA,605,city_park
BOJONGLOA KALER,TAMAN TITISAN KENCANA,16,city_park
BOJONGLOA KALER,JALUR HIJAU UNDAK KENCANA,84,city_park
BOJONGLOA KALER,TAMAN RUKO KENCANA,876.82,city_park
BOJONGLOA KALER,TAMAN BABAKAN CIPARAY,35,city_park
BOJONGLOA KALER,TAMAN BABAKAN TAROGONG,616,city_park
BOJONGLOA KALER,TAMAN SUDIRMAN/JAMIKA,286.6,city_park
BOJONGLOA KALER,TAMAN RW.04,80,city_park
BOJONGLOA KALER,TAMAN RW 09,109.45,city_park
BOJONGLOA KALER,TAMAN RW 10,247.1,city_park
BOJONGLOA KIDUL,TAMAN LEUWIPANJANG/LINGKAR SELATAN,90.7,city_park
BOJONGLOA KIDUL,TAMAN LINGKAR SELATAN/KOPO,128,city_park
BOJONGLOA KIDUL,TAMAN CIBADUYUT/SOEKARNO HATTA,182.5,city_park
BOJONGLOA KIDUL,TAMAN KOPO/ SOEKARNO HATTA,148,city_park
BOJONGLOA KIDUL,TAMAN RW.02 KOMP. CIBADUYUT PERMAI,150,city_park
BOJONGLOA KIDUL,TAMAN JL. MUARA SARI RW. 11,100,city_park
BOJONGLOA KIDUL,TAMAN RW 04,97,city_park
BOJONGLOA KIDUL,TAMAN RW 10 SITUSAEUR,97,city_park
BOJONGLOA KIDUL,TAMAN RW 05 SITUSAEUR,-,city_park
BUAHBATU,TAMAN DI JL. BUNGA BAKUNG RW. 07 KEL CIJAWURA,150,city_park
BUAHBATU,TAMAN JUPITER UTAMA,92,city_park
BUAHBATU,TAMAN BLOK D II A,670,city_park
BUAHBATU,TAMAN BLOK D II D,649,city_park
BUAHBATU,TAMAN BLOK E II,1539,city_park
BUAHBATU,TAMAN BLOK D II F,190,city_park
BUAHBATU,TAMAN BLOK D II G,437,city_park
BUAHBATU,TAMAN BLOK D II H,413,city_park
BUAHBATU,TAMAN BLOK D II J,456,city_park
BUAHBATU,TAMAN BLOK U,236,city_park
BUAHBATU,TAMAN BLOK Z A,460,city_park
BUAHBATU,TAMAN BLOK B A,349,city_park
BUAHBATU,TAMAN BLOK A DAN B,1499,city_park
BUAHBATU,TAMAN BLOK B B (TAMAN RW 13),900,city_park
BUAHBATU,TAMAN BLOK K,3879,city_park
BUAHBATU,TAMAN BLOK N,600,city_park
BUAHBATU,TAMAN BLOK S A,706.46,city_park
BUAHBATU,TAMAN BLOK S B,680,city_park
BUAHBATU,TAMAN BLOK R A,1010.22,city_park
BUAHBATU,TAMAN BLOK R B,320.64,city_park
BUAHBATU,TAMAN BLOK R/O,938.55,city_park
BUAHBATU,TAMAN BLOK Q2 A,1106,city_park
BUAHBATU,TAMAN BLOK Q2 B,567,city_park
BUAHBATU,TAMAN BLOK H2,483,city_park
BUAHBATU,TAMAN BLOK K2 A,420,city_park
BUAHBATU,TAMAN BLOK L2 A,1835,city_park
BUAHBATU,TAMAN BLOK G2,1781,city_park
BUAHBATU,TAMAN BLOK L2 B,437,city_park
BUAHBATU,TAMAN BLOK L2 C,375,city_park
BUAHBATU,TAMAN BLOK L2 D,874,city_park
BUAHBATU,TAMAN BLOK L2 F,437,city_park
BUAHBATU,TAMAN BLOK L2 G,437,city_park
BUAHBATU,TAMAN BLOK L2 (AL BAYAN),816,city_park
BUAHBATU,TAMAN BLOK L2 H,460,city_park
BUAHBATU,TAMAN BLOK L2 I,1994,city_park
BUAHBATU,TAMAN BLOK B2 C,663,city_park
BUAHBATU,TAMAN BLOK A2,1922,city_park
BUAHBATU,TAMAN BLOK D2 A,378,city_park
BUAHBATU,TAMAN BLOK E2 B,108,city_park
BUAHBATU,TAMAN BLOK E2 D,56.04,city_park
BUAHBATU,TAMAN BLOK G2,625,city_park
BUAHBATU,TAMAN BLOK N2,600.02,city_park
BUAHBATU,TAMAN BLOK O2 A,180,city_park
BUAHBATU,TAMAN BLOK O2 B,230.67,city_park
BUAHBATU,TAMAN BLOK O2 C,47.08,city_park
BUAHBATU,TAMAN BLOK T2 DEPAN NO. 24,557,city_park
BUAHBATU,TAMAN BLOK V2,2173,city_park
BUAHBATU,TAMAN BLOK M2,413,city_park
BUAHBATU,TAMAN BLOK B2 B,770,city_park
BUAHBATU,TAMAN RW 04,273.25,city_park
BUAHBATU,TAMAN RW 02,446.47,city_park
BUAHBATU,TAMAN RW 13,315.56,city_park
BUAHBATU,TAMAN RW 07,359.32,city_park
CIBEUNYING KALER,TAMAN SUPRATMAN/WARGA,175,city_park
CIBEUNYING KALER,JALUR PAHLAWAN,3000,city_park
CIBEUNYING KALER,TAMAN BATIK TIGA NEGRI,1246.25,city_park
CIBEUNYING KALER,TAMAN SIDOLUHUR,1425,city_park
CIBEUNYING KALER,TAMAN SUDUT SUCI,116,city_park
CIBEUNYING KALER,LAPANG TIKUKUR,12500,city_park
CIBEUNYING KALER,TAMAN TITIRAN,210,city_park
CIBEUNYING KALER,TAMAN MERAK,1021,city_park
CIBEUNYING KALER,TAMAN SURAPATI,1350,city_park
CIBEUNYING KALER,LAPANGAN OLAHRAGA,5878,city_park
CIBEUNYING KALER,TAMAN JALAPRANG,1759.49,city_park
CIBEUNYING KALER,TAMAN RW.02,220,city_park
CIBEUNYING KALER,TAMAN RW 05,650.47,city_park
CIBEUNYING KALER,TAMAN RW 08,307.29,city_park
CIBEUNYING KALER,TAMAN RW 05 PASIRLAYUNG,650,city_park
CIBEUNYING KALER,TAMAN RW 08 CIHAURGEULIS,-,city_park
CIBEUNYING KALER,TAMAN RW 09 SUKALUYU,215,city_park
CIBEUNYING KALER,TAMAN RW 10 SUKAMAJU,-,city_park
CIBEUNYING KIDUL,TAMAN JL. DIPONEGORO - JL. CITARUM,235,city_park
CIBEUNYING KIDUL,JALUR SUPRATMAN,3370.6,city_park
CIBEUNYING KIDUL,TAMAN KATAMSO,340,city_park
CIBEUNYING KIDUL,TAMAN CISADEA,412.25,city_park
CIBEUNYING KIDUL,TAMAN SURAPATI/CICAHEUM I,2625,city_park
CIBEUNYING KIDUL,TAMAN SURAPATI/CICAHEUM II,1543.7,city_park
CIBEUNYING KIDUL,TAMAN JL. MEKAR ASIH (PERUMAHAN BUMI ASRI PADASUKA III),247.8,city_park
CIBEUNYING KIDUL,TAMAN JL. MEKAR INDAH (PERUMAHAN BUMI ASRI PADASUKA III),85.1,city_park
CIBEUNYING KIDUL,TAMAN JL. MEKAR WANGI RUKO (PERUMAHAN BUMI ASRI PADASUKA III),190,city_park
CIBEUNYING KIDUL,TAMAN JL. MEKAR KENCANA (PERUMAHAN BUMI ASRI PADASUKA III),320,city_park
CIBEUNYING KIDUL,TAMAN JL. MEKAR CEMERLANG (PERUMAHAN BUMI ASRI PADASUKA III),816,city_park
CIBEUNYING KIDUL,TAMAN JL. MEKAR AGUNG (PERUMAHAN BUMI ASRI PADASUKA III),3331.44,city_park
CIBEUNYING KIDUL,TAMAN VILLA ASRI TENGAH V,-,city_park
CIBEUNYING KIDUL,TAMAN VILLA ASRI RAYA,-,city_park
CIBEUNYING KIDUL,TAMAN VILLA ASRI III,-,city_park
CIBEUNYING KIDUL,TAMAN VILLA ASRI 3,-,city_park
CICENDO,TAMAN PATUNG HUSEIN,518.25,city_park
CICENDO,TAMAN DR. RAJIMAN,895.5,city_park
CICENDO,TAMAN DR. OTTEN 1,3171.08,city_park
CICENDO,TAMAN DR. OTTEN 2,58,city_park
CICENDO,PULAU JALAN WESTHCOOP I,183.06,city_park
CICENDO,PULAU JALAN WESTHCOOP II,137.5,city_park
CICENDO,TAMAN CURIE,974.04,city_park
CICENDO,TAMAN ERLIGH,391,city_park
CICENDO,TAMAN ABDUL RIVA'I,671.7,city_park
CICENDO,TAMAN DR. CIPTO,1709.18,city_park
CICENDO,TAMAN PANDU/PADJADJARAN,82.25,city_park
CICENDO,TAMAN MONUMEN KTT NON BLOK,1526.73,city_park
CICENDO,TAMAN ABD. RACHMAN SALEH,1959.06,city_park
CICENDO,TAMAN SUPADIO I,858.75,city_park
CICENDO,TAMAN SUPADIO II,431.5,city_park
